target,before,after,repaired,corrector_fired,tools_called,applied,fix_attempts,seconds,error,corrected_route
c1ccc(C2C3=C(Nc4ncnn42)c2ccccc2CCC3)cc1,reaction,valid,True,apply_fixes|fix_building_blocks|fix_step,validate_route|fix_building_blocks|fix_step|apply_fixes,True,1,189.6,,"{""reactions"": [{""reaction_number"": 1, ""reaction_template"": ""Cl-[c;H0;D3;+0:1]1:[#7;a:2]:[c:3]:[#7;a:4]:[#7;a:5]:1-[C;H0;D3;+0:6]1=[C;H0;D3;+0:7]2-[CH2;D2;+0:8]-[CH2;D2;+0:9]-[CH2;D2;+0:10]-[c;H0;D3;+0:11]3:[c:12]:[cH;D2;+0:13]:[cH;D2;+0:14]:[cH;D2;+0:15]:[c;H0;D3;+0:16]:3-[CH;D3;+0:17]-1-[NH;D2;+0:18]-2.N-C1=C2-C-C-C-[c;H0;D3;+0:19]3:[c:20]:[c:21]:[cH;D2;+0:22]:[c:23]:[c;H0;D3;+0:24]:3-C-1-2>>[#7;a:2]1:[c:3]:[#7;a:4]:[#7;a:5]2:[c;H0;D3;+0:1]:1-[NH;D2;+0:18]-[C;H0;D3;+0:7]1=[C;H0;D3;+0:17](-[CH2;D2;+0:16]-[CH2;D2;+0:15]-[CH2;D2;+0:14]-[c;H0;D3;+0:13]3:[c:12]:[cH;D2;+0:11]:[cH;D2;+0:10]:[cH;D2;+0:9]:[c;H0;D3;+0:8]:3-1)-[CH;D3;+0:6]-2-[c;H0;D3;+0:22]1:[c:21]:[c:20]:[cH;D2;+0:19]:[cH;D2;+0:24]:[c:23]:1"", ""reactants"": [""Clc1ncnn1C1=C2CCCc3ccccc3C1N2"", ""NC1=C2CCCc3ccccc3C12""], ""product"": ""c1ccc(C2C3=C(Nc4ncnn42)c2ccccc2CCC3)cc1""}], ""building_blocks"": [""Clc1ncnn1C1=C2CCCc3ccccc3C1N2"", ""NC1=C2CCCc3ccccc3C12""]}"
O=c1cc(-c2ccccc2)oc2ccc(N3COc4c(Br)cc(Br)cc4C3)cc12,product,product,False,apply_fixes|fix_building_blocks,validate_route|fix_building_blocks|apply_fixes,True,2,340.2,,"{""reactions"": [{""reaction_number"": 1, ""reaction_template"": ""[Cl,Br,I][c;$(c1:[c,n]:[c,n]:[c,n]:[c,n]:[c,n]:1):1].[N;$(NC)&!$(N=*)&!$([N-])&!$(N#*)&!$([ND3])&!$([ND4])&!$(N[c,O])&!$(N[C,S]=[S,O,N]),H2&$(Nc1:[c,n]:[c,n]:[c,n]:[c,n]:[c,n]:1):2]>>[c:1][N:2]"", ""reactants"": [""O=c1cc(-c2ccccc2)oc2ccc(Cl)cc12"", ""Brc1cc(Br)c2c(c1)CNCCO2""], ""product"": ""O=c1cc(-c2ccccc2)oc2ccc(N3COc4c(Br)cc(Br)cc4C3)cc12""}], ""building_blocks"": [""O=c1cc(-c2ccccc2)oc2ccc(Cl)cc12"", ""Brc1cc(Br)c2c(c1)CNCCO2""]}"
Cc1ccccc1S(=O)(=O)NC(=O)Nn1c(=O)c(=O)[nH]c2ccccc21,reactant,other,False,apply_fixes|fix_building_blocks|fix_step,validate_route|fix_building_blocks|fix_step|apply_fixes,True,1,467.8,,"{""reactions"": [{""reaction_number"": 1, ""reaction_template"": ""[N;$(N-[#6]):3]=[C;$(C=O):1].[N;$(N[#6]);!$(N=*);!$([N-]);!$(N#*);!$([ND3]);!$(ND4)];!$(N[O,N])]:2]>>[N:3]-[C:1]-[N+0:2]"", ""reactants"": [""Cc1ccccc1S(=O)(=O)N=C=O"", ""Nn1c(=O)c(=O)[nH]c2ccccc21""], ""product"": ""Cc1ccccc1S(=O)(=O)NC(=O)NNn1c(=O)c(=O)[nH]c2ccccc21""}], ""building_blocks"": [""Cc1ccccc1S(=O)(=O)N=C=O"", ""Nn1c(=O)c(=O)[nH]c2ccccc21""]}"
COc1ccc(C2CC(c3cccn3C)=NN2C(=O)CN(CCN2CCOCC2)C(=O)C2CCCC2)cc1,reaction,reaction,False,apply_fixes|fix_building_blocks|fix_step,validate_route|fix_building_blocks|fix_step|apply_fixes,True,1,429.9,,"{""reactions"": [{""reaction_number"": 1, ""reaction_template"": ""[Cl,OH,O-:3][C$(C(=O)([CX4,c])),C$([CH](=O)):2]=[O:4].[N$([NH2,NH3+1]([CX4,c])),N$([NH]([CX4,c])([CX4,c])):6]>>[N+0:6]-[C:2]=[O:4]"", ""reactants"": [""COc1ccc(C2CC(c3cccn3C)=NN2C(=O)CNCCN2CCOCC2)cc1"", ""O=C(O)C1CCCC1""], ""product"": ""COc1ccc(C2CC(c3cccn3C)=NN2C(=O)CN(CCN2CCOCC2)C(=O)C2CCCC2)cc1""}, {""reaction_number"": 2, ""reaction_template"": ""[NH1;R:1].[C:2](=[O:3])[OH]>>[N:1][C:2]=[O:3]"", ""reactants"": [""COc1ccc(C2CC(c3cccn3C)=NN2)cc1"", ""O=C(O)CNCCN1CCOCC1""], ""product"": ""COc1ccc(C2CC(c3cccn3C)=NN2C(=O)CNCCN2CCOCC2)cc1""}], ""building_blocks"": [""O=C(O)C1CCCC1"", ""COc1ccc(C2CC(c3cccn3C)=NN2)cc1"", ""O=C(O)CNCCN1CCOCC1""]}"
CN(CCc1ccncc1)CC(O)Cc1ccc2ccccc2c1,reaction,reaction,False,apply_fixes|fix_building_blocks,validate_route|validate_route|fix_building_blocks|apply_fixes,True,2,332.1,,"{""reactions"": [{""reaction_number"": 1, ""reaction_template"": ""[#6:1][C;H1,$([C]([#6])[#6]):2]=[OD1:3].[Cl,Br,I][#6;$([#6]~[#6]);!$([#6]([Cl,Br,I])[Cl,Br,I]);!$([#6]=O):4]>>[C:1][#6:2]([OH1:3])[#6:4]"", ""reactants"": [""CN(CCBr)CCc1ccncc1"", ""O=CCc1ccc2ccccc2c1""], ""product"": ""CN(CCc1ccncc1)CC(O)Cc1ccc2ccccc2c1""}, {""reaction_number"": 2, ""reaction_template"": ""[OH:2]-[$([CX4]),c:1]>>[Br:3][C,c:1]"", ""reactants"": [""CN(CCO)CCc1ccncc1""], ""product"": ""CN(CCBr)CCc1ccncc1""}], ""building_blocks"": [""O=CCc1ccc2ccccc2c1"", ""CN(CCO)CCc1ccncc1""]}"
Cc1ccc(NC(=O)Cn2cnc3c(nnn3C)c2=O)cc1C,reaction,reaction,False,apply_fixes|fix_building_blocks|fix_step,validate_route|fix_building_blocks|fix_step|apply_fixes|fix_step,True,1,267.9,,"{""reactions"": [{""reaction_number"": 1, ""reaction_template"": ""[NH2,NH3+]-[C$([CX4](N)([c,C])([c,C])([c,C])),C$([CH](N)([c,C])([c,C])),C$([CH2](N)([c,C])),C$([CH3](N)):2].[NH2:12]-[c:7]1[c:6][c:5][c:4][c:3][c:8]1-[C:9](-[OH,O-:11])=[O:10]>>[C:2]-[n+0]-1[c:13][n:12][c:7]2[c:6][c:5][c:4][c:3][c:8]2[c:9]-1=[O:10]"", ""reactants"": [""Cn1nnc2c(=O)n(CCN)cnc21"", ""Cc1ccc(NC(=O)CN)cc1C""], ""product"": ""Cc1ccc(NC(=O)Cn2cnc3c(nnn3C)c2=O)cc1C""}], ""building_blocks"": [""Cn1nnc2c(=O)n(CCN)cnc21"", ""Cc1ccc(NC(=O)CN)cc1C""]}"
Cc1ccc(S(=O)(=O)N2CCc3ncncc3C2)s1,reactant,reaction,False,apply_fixes|fix_building_blocks|fix_step,validate_route|fix_building_blocks|fix_step|fix_step|apply_fixes,True,1,312.1,,"{""reactions"": [{""reaction_number"": 1, ""reaction_template"": ""[NX3;!$(N[C]=[S,O,N]);$(N[#6,S]);H1,H2:1].[#6:2][S:3](=[O:4])(=[O:5])[F,Cl,Br,I]>>[N:1][S:3](=[O:4])(=[O:5])[#6:2]"", ""reactants"": [""Cc1ccc(S(=O)(=O)Cl)s1"", ""c1ncc2c(n1)CCNC2""], ""product"": ""Cc1ccc(S(=O)(=O)N2CCc3ncncc3C2)s1""}], ""building_blocks"": [""Cc1ccc(S(=O)(=O)Cl)s1"", ""c1ncc2c(n1)CCNC2""]}"
CCN1C(=O)C2C3CN=C(SCc4ccc(C(=O)OC)cc4)N3C(CC)(C(=O)OC)C2C1=O,reaction,reaction,False,apply_fixes|fix_building_blocks|fix_step,validate_route|fix_building_blocks|fix_step|apply_fixes,True,2,359.2,,"{""reactions"": [{""reaction_number"": 1, ""reaction_template"": ""[C;H1&$(C([#6])[#6]),H2&$(C[#6]):1][OH1].[NH1;$(N(C=O)C=O):2]>>[C:1][N:2]"", ""reactants"": [""CCC12C(=O)NC(=O)C1C1CN=C(SCc3ccc(C(=O)OC)cc3)N1C2C(=O)OC"", ""CCO""], ""product"": ""CCN1C(=O)C2C3CN=C(SCc4ccc(C(=O)OC)cc4)N3C(CC)(C(=O)OC)C2C1=O""}], ""building_blocks"": [""CCC12C(=O)NC(=O)C1C1CN=C(SCc3ccc(C(=O)OC)cc3)N1C2C(=O)OC"", ""CCO""]}"
COC(=O)CC1(C(=O)Nc2ccc(-c3ccccc3SC)cc2)CC(c2cccc(C(=N)N)c2)=NO1,reaction,reaction,False,apply_fixes|fix_building_blocks|fix_step,validate_route|fix_building_blocks|fix_step|apply_fixes,True,1,289.1,,"{""reactions"": [{""reaction_number"": 1, ""reaction_template"": ""[Cl,OH,O-:3][C$(C(=O)([CX4,c])),C$([CH](=O)):2]=[O:4].[N$([NH2,NH3+1]([CX4,c])),N$([NH]([CX4,c])([CX4,c])):6]>>[N+0:6]-[C:2]=[O:4]"", ""reactants"": [""CSc1ccccc1-c1ccc(N)cc1"", ""COC(=O)CC1(C(=O)O)CC(c2cccc(C(=N)N)c2)=NO1""], ""product"": ""COC(=O)CC1(C(=O)Nc2ccc(-c3ccccc3SC)cc2)CC(c2cccc(C(=N)N)c2)=NO1""}, {""reaction_number"": 2, ""reaction_template"": ""[c:1]Br.[C:2]([B])=[#7:3]>>[c:1][C:2]=[#7:3]"", ""reactants"": [""COC(=O)CC1(C(=O)O)CC(B2OC(C)(C)C(C)(C)O2)=NO1"", ""N=C(N)c1cccc(Br)c1""], ""product"": ""COC(=O)CC1(C(=O)O)CC(c2cccc(C(=N)N)c2)=NO1""}], ""building_blocks"": [""CSc1ccccc1-c1ccc(N)cc1"", ""COC(=O)CC1(C(=O)O)CC(B2OC(C)(C)C(C)(C)O2)=NO1"", ""N=C(N)c1cccc(Br)c1""]}"
CC1NC(C)(C)CC(C)(C)c2ccccc21,reactant,reactant,False,apply_fixes|fix_building_blocks|fix_step,validate_route|fix_building_blocks|fix_step|apply_fixes,True,1,265.3,,"{""reactions"": [{""reaction_number"": 1, ""reaction_template"": ""[OH:2]-[$([CX4]),c:1]>>[Br:3][C,c:1]"", ""reactants"": [""CC1NC(C)(C)CC(C)(C)c2ccccc21""], ""product"": ""CC1NC(C)(C)CC(C)(C)c2ccccc21""}], ""building_blocks"": []}"
c1ccc(-c2nnc(SCCN3CCCCC3)o2)cc1,product,product,False,apply_fixes|fix_building_blocks|fix_step,validate_route|fix_building_blocks|fix_step|apply_fixes,True,1,292.6,,"{""reactions"": [{""reaction_number"": 1, ""reaction_template"": ""[OH:2]-[$([CX4]),c:1]>>[Cl:3][C,c:1]"", ""reactants"": [""Oc1ccc(-c2ccccc2)o1""], ""product"": ""c1ccc(-c2nnc(SCCN3CCCCC3)o2)cc1""}], ""building_blocks"": [""Oc1ccc(-c2ccccc2)o1""]}"
CC(=O)OC[n+]1ccccc1,reactant,reactant,False,apply_fixes|fix_building_blocks|fix_step,validate_route|fix_building_blocks|fix_step|apply_fixes,True,1,295.0,,"{""reactions"": [{""reaction_number"": 1, ""reaction_template"": ""[OH:2]-[$([CX4]),c:1]>>[Br:3][C,c:1]"", ""reactants"": [""CC(=O)OC[n+]1ccccc1""], ""product"": ""CC(=O)OC[n+]1ccccc1""}], ""building_blocks"": []}"
C[S+]([O-])C=CCCN=C=S,reactant,exception,False,,,,,201.8,ValueError: ChemicalParserException: Number of reactants provided does not match number of reactant templates.,
CC(C)(C)c1cc(C2CC(O)=Nc3c2c(=O)[nH]n3C2CCOCC2)cc(C(C)(C)C)c1O,reactant,valid,True,apply_fixes|fix_building_blocks|fix_step,validate_route|fix_building_blocks|fix_step|apply_fixes,True,1,257.8,,"{""reactions"": [{""reaction_number"": 1, ""reaction_template"": ""Br-[c;H0;D3;+0:1](:[c:2]):[c:3].C-C1(-C)-O-B(-[CH;D3;+0:4](-[C:5])-[c:6]2:[c:7]:[#7;a:8]:[#7;a:9]:[c:10]:2)-O-C-1(-C)-C>>[C:5]-[CH;D3;+0:4](-[c;H0;D3;+0:1](:[c:2]):[c:3])-[c:6]1:[c:7]:[#7;a:8]:[#7;a:9]:[c:10]:1"", ""reactants"": [""CC(C)(C)c1cc(Br)cc(C(C)(C)C)c1O"", ""CC1(C)OB(C2CC(O)=Nc3c2c(=O)[nH]n3C2CCOCC2)OC1(C)C""], ""product"": ""CC(C)(C)c1cc(C2CC(O)=Nc3c2c(=O)[nH]n3C2CCOCC2)cc(C(C)(C)C)c1O""}], ""building_blocks"": [""CC(C)(C)c1cc(Br)cc(C(C)(C)C)c1O"", ""CC1(C)OB(C2CC(O)=Nc3c2c(=O)[nH]n3C2CCOCC2)OC1(C)C""]}"
CCCN(CC(C)O)N=O,reaction,reaction,False,apply_fixes|fix_building_blocks|fix_step,validate_route|fix_building_blocks|fix_step|apply_fixes,True,1,233.1,,"{""reactions"": [{""reaction_number"": 1, ""reaction_template"": ""C-C=[CH;D2;+0:1]-[CH2;D2;+0:2]-[O;D1;H1:3].[C:4]-[N;H0;D2;+0:5]=[N+]=[N-]>>[C:4]-[N;H0;D3;+0:5](-[CH2;D2;+0:1]-[CH;D3;+0:2](-[C;H3;D1;+0])-[O;D1;H1:3])-[N;H0;D2;+0]=[O;H0;D1;+0]"", ""reactants"": [""CCCN=[N+]=[N-]"", ""CC=CCO""], ""product"": ""CCCN(CC(C)O)N=O""}], ""building_blocks"": [""CCCN=[N+]=[N-]"", ""CC=CCO""]}"
COc1c(N2CCCC(CN)C2)c(F)c(N)c2c(=O)c(C(=O)O)cn(C3CC3)c12,reaction,reaction,False,apply_fixes|fix_building_blocks,validate_route|fix_building_blocks|apply_fixes,True,3,1097.8,,"{""reactions"": [{""reaction_number"": 1, ""reaction_template"": ""[Cl,Br,I][c;$(c1:[c,n]:[c,n]:[c,n]:[c,n]:[c,n]:1):1].[N;$(NC)&!$(N=*)&!$([N-])&!$(N#*)&!$([ND3])&!$([ND4])&!$(N[c,O])&!$(N[C,S]=[S,O,N]),H2&$(Nc1:[c,n]:[c,n]:[c,n]:[c,n]:[c,n]:1):2]>>[c:1][N:2]"", ""reactants"": [""NCC1CCCNC1"", ""COc1c(N)c(F)c(Br)c2c(=O)c(C(=O)O)cn(C3CC3)c12""], ""product"": ""COc1c(N2CCCC(CN)C2)c(F)c(N)c2c(=O)c(C(=O)O)cn(C3CC3)c12""}], ""building_blocks"": [""NCC1CCCNC1"", ""COc1c(N)c(F)c(Br)c2c(=O)c(C(=O)O)cn(C3CC3)c12""]}"
CCCCCCCCC=CCCCCCCCCOP(=O)(O)OCC[N+](C)(C)C,reactant,reaction,False,apply_fixes|fix_building_blocks|fix_step,validate_route|fix_building_blocks|fix_step|apply_fixes,True,1,229.1,,"{""reactions"": [{""reaction_number"": 1, ""reaction_template"": ""[OH:1][P:2](=O).[Br][C:3]>>[C:3][O:1][P:2](=O)"", ""reactants"": [""CCCCCCCCC=CCCCCCCCCBr"", ""C[N+](C)(C)CCOP(=O)(O)O""], ""product"": ""CCCCCCCCC=CCCCCCCCCOP(=O)(O)OCC[N+](C)(C)C""}], ""building_blocks"": [""CCCCCCCCC=CCCCCCCCCBr"", ""C[N+](C)(C)CCOP(=O)(O)O""]}"
C=CC(=O)Nc1cc(CCn2c(=O)c(-c3cc(OC)cc(OC)c3Cl)cc3cnc(NC)nc32)ccn1,product,no_route_rebuilt,False,apply_fixes|fix_building_blocks|fix_step,validate_route|fix_building_blocks|fix_step|fix_building_blocks|apply_fixes,True,3,526.9,,
CCCCCCC1OC23OC1CCC2C(O)CCC3O,product,product,False,apply_fixes|fix_building_blocks,validate_route|fix_building_blocks|apply_fixes,True,2,370.0,,"{""reactions"": [{""reaction_number"": 1, ""reaction_template"": ""[OH:2]-[$([CX4]),c:1]>>[Br:3][C,c:1]"", ""reactants"": [""CCCCCCC1OC23OC1CCC2C(O)CCC3O""], ""product"": ""CCCCCCC1OC23OC1CCC2C(O)CCC3O""}], ""building_blocks"": []}"
Nn1c(CCCCN2CCN(c3nc4ccccc4c4c3CCCC4)CC2)nc2c(c1=O)CCCC2,reaction,exception,False,,,,,270.2,UnexpectedModelBehavior: Tool 'fix_step' exceeded max retries count of 1,
Cc1sc(N)c(S(=O)(=O)c2ccccc2)c1C,product,product,False,apply_fixes|fix_building_blocks|fix_step,validate_route|fix_building_blocks|fix_step|apply_fixes,True,1,320.5,,"{""reactions"": [{""reaction_number"": 1, ""reaction_template"": ""[#6:6]-[C;R0:1](=[OD1])-[CH1;R0:5](-[#6:7])-[*;#17,#35,#53].[NH2:2]-[C:3]=[SD1:4]>>[c:1]2(-[#6:6]):[n:2]:[c:3]:[s:4][c:5]([#6:7]):2"", ""reactants"": [""CC(Br)C(C)=O"", ""NC(N)=S""], ""product"": ""Cc1sc(N)c(S(=O)(=O)c2ccccc2)c1C""}], ""building_blocks"": [""CC(Br)C(C)=O"", ""NC(N)=S""]}"
O=C(O)C(c1ccc2c(c1)OCO2)N1N=C(c2ccccc2)CCC1=O,reactant,reaction,False,apply_fixes|fix_building_blocks|fix_step,validate_route|fix_building_blocks|fix_step|apply_fixes,True,1,265.0,,"{""reactions"": [{""reaction_number"": 1, ""reaction_template"": ""O-[CH;D3;+0:1](-[c:2])-[C:3](=[O;D1;H0:4])-[O;D1;H1:5].[C:6]=[#7:7]-[NH;D2;+0:8]-[C:9]=[O;D1;H0:10]>>[C:6]=[#7:7]-[N;H0;D3;+0:8](-[CH;D3;+0:1](-[c:2])-[C:3](=[O;D1;H0:4])-[O;D1;H1:5])-[C:9]=[O;D1;H0:10]"", ""reactants"": [""O=C1CCC(c2ccccc2)=NN1"", ""O=C(O)C(O)c1ccc2c(c1)OCO2""], ""product"": ""O=C(O)C(c1ccc2c(c1)OCO2)N1N=C(c2ccccc2)CCC1=O""}], ""building_blocks"": [""O=C1CCC(c2ccccc2)=NN1"", ""O=C(O)C(O)c1ccc2c(c1)OCO2""]}"
Cc1nc(Nc2cccc(N3CCOCC3=O)n2)sc1-c1cc2c(c(S(C)(=O)=O)c1)C(=O)N(C(C)C1CC1)C2,reactant,reaction,False,apply_fixes|fix_building_blocks|fix_step,validate_route|fix_building_blocks|fix_step|fix_step|apply_fixes,True,1,390.4,,"{""reactions"": [{""reaction_number"": 1, ""reaction_template"": ""[NX3;!$(N[C,S]=[S,O,N]);$(N[#6]);!$(N[#7]);H1,H2:1].[#6:2][Cl,Br,I]>>[N:1][#6:2]"", ""reactants"": [""Cc1nc(N)sc1-c1cc2c(c(S(C)(=O)=O)c1)C(=O)N(C(C)C1CC1)C2"", ""O=C1COCCN1c1cccc(Br)n1""], ""product"": ""Cc1nc(Nc2cccc(N3CCOCC3=O)n2)sc1-c1cc2c(c(S(C)(=O)=O)c1)C(=O)N(C(C)C1CC1)C2""}, {""reaction_number"": 2, ""reaction_template"": ""[#6;$(C=C-[#6]),$(c:c):1][Br,I].[Cl,Br,I][c:2]>>[c:2][#6:1]"", ""reactants"": [""CC(C1CC1)N1Cc2cc(Br)cc(S(C)(=O)=O)c2C1=O"", ""Cc1nc(N)sc1Br""], ""product"": ""Cc1nc(N)sc1-c1cc2c(c(S(C)(=O)=O)c1)C(=O)N(C(C)C1CC1)C2""}, {""reaction_number"": 3, ""reaction_template"": ""O-[CH;D3;+0:1](-[C:2])-[C;D1;H3:3].[C:4]-[NH;D2;+0:5]-[C:6]=[O;D1;H0:7]>>[C:4]-[N;H0;D3;+0:5](-[CH;D3;+0:1](-[C:2])-[C;D1;H3:3])-[C:6]=[O;D1;H0:7]"", ""reactants"": [""CS(=O)(=O)c1cc(Br)cc2c1C(=O)NC2"", ""CC(O)C1CC1""], ""product"": ""CC(C1CC1)N1Cc2cc(Br)cc(S(C)(=O)=O)c2C1=O""}], ""building_blocks"": [""O=C1COCCN1c1cccc(Br)n1"", ""Cc1nc(N)sc1Br"", ""CS(=O)(=O)c1cc(Br)cc2c1C(=O)NC2"", ""CC(O)C1CC1""]}"
COc1nc(N(C)C)ncc1-c1cc2c(n1C(C)C)C(c1ccc(Cl)cn1)N(c1cccc(Cl)c1F)C2=O,reaction,valid,True,apply_fixes|fix_building_blocks|fix_step,validate_route|fix_building_blocks|fix_step|apply_fixes,True,1,366.5,,"{""reactions"": [{""reaction_number"": 1, ""reaction_template"": ""[#6;$(C=C-[#6]),$(c:c):1][Br,I].[Cl,Br,I][c:2]>>[c:2][#6:1]"", ""reactants"": [""COc1nc(N(C)C)ncc1Br"", ""CC(C)n1c(Br)cc2c1C(c1ccc(Cl)cn1)N(c1cccc(Cl)c1F)C2=O""], ""product"": ""COc1nc(N(C)C)ncc1-c1cc2c(n1C(C)C)C(c1ccc(Cl)cn1)N(c1cccc(Cl)c1F)C2=O""}, {""reaction_number"": 2, ""reaction_template"": ""[c:1]Cl.[NH1:2]>>[c:1][N:2]"", ""reactants"": [""Fc1c(Cl)cccc1Cl"", ""CC(C)n1c(Br)cc2c1C(c1ccc(Cl)cn1)NC2=O""], ""product"": ""CC(C)n1c(Br)cc2c1C(c1ccc(Cl)cn1)N(c1cccc(Cl)c1F)C2=O""}], ""building_blocks"": [""COc1nc(N(C)C)ncc1Br"", ""Fc1c(Cl)cccc1Cl"", ""CC(C)n1c(Br)cc2c1C(c1ccc(Cl)cn1)NC2=O""]}"
COc1ccc2c(c1)c(C(O)CN1CCN(Cc3ccc4c(c3)OCO4)CC1)c(C)n2C,reactant,reactant,False,apply_fixes|fix_building_blocks|fix_step,validate_route|fix_building_blocks|fix_step|apply_fixes,True,1,363.7,,"{""reactions"": [{""reaction_number"": 1, ""reaction_template"": ""[#6:1][C;H1,$([C]([#6])[#6]):2]=[OD1:3].[Cl,Br,I][#6;$([#6]~[#6]);!$([#6]([Cl,Br,I])[Cl,Br,I]);!$([#6]=O):4]>>[C:1][#6:2]([OH1:3])[#6:4]"", ""reactants"": [""COc1ccc2c(c1)c(C=O)c(C)n2C"", ""ClCN1CCN(Cc2ccc3c(c2)OCO3)CC1""], ""product"": ""COc1ccc2c(c1)c(C(O)CN1CCN(Cc3ccc4c(c3)OCO4)CC1)c(C)n2C""}], ""building_blocks"": [""COc1ccc2c(c1)c(C=O)c(C)n2C"", ""ClCN1CCN(Cc2ccc3c(c2)OCO3)CC1""]}"
CCCCN(CC)c1nc(C)nc2c1NCCN2c1ccc(C#N)cc1C,reactant,valid,True,apply_fixes|fix_building_blocks|fix_step,validate_route|validate_route|fix_building_blocks|fix_step|fix_step|apply_fixes,True,1,819.6,,"{""reactions"": [{""reaction_number"": 1, ""reaction_template"": ""C-[c;H0;D3;+0:1](:[#7;a:2]):[c:3](:[c:4]:[#7;a:5])-[#7:6].[C:7]-[NH;D2;+0:8]-[C:9]>>[#7:6]-[c:3](:[c:4]:[#7;a:5]):[c;H0;D3;+0:1](-[N;H0;D3;+0:8](-[C:7])-[C:9]):[#7;a:2]"", ""reactants"": [""Cc1cc(C#N)ccc1N1CCNc2c(C)nc(C)nc21"", ""CCCCNCC""], ""product"": ""CCCCN(CC)c1nc(C)nc2c1NCCN2c1ccc(C#N)cc1C""}, {""reaction_number"": 2, ""reaction_template"": ""[NX3;!$(N[C,S]=[S,O,N]);$(N[#6]);!$(N[#7]);H1,H2:1].[#6:2][Cl,Br,I]>>[N:1][#6:2]"", ""reactants"": [""Cc1nc(C)c2c(n1)NCCN2"", ""Cc1cc(C#N)ccc1Br""], ""product"": ""Cc1cc(C#N)ccc1N1CCNc2c(C)nc(C)nc21""}], ""building_blocks"": [""CCCCNCC"", ""Cc1nc(C)c2c(n1)NCCN2"", ""Cc1cc(C#N)ccc1Br""]}"
CC(C)CC(C(=O)O)N1C(=O)C2Cc3ccccc3CN2C1(C)C,reactant,reaction,False,apply_fixes|fix_building_blocks|fix_step,validate_route|fix_building_blocks|fix_step|apply_fixes,True,1,324.5,,"{""reactions"": [{""reaction_number"": 1, ""reaction_template"": ""O-[CH;D3;+0:1](-[C:2])-[C:3](=[O;D1;H0:4])-[O;D1;H1:5].[#7:6]-[C:7]-[NH;D2;+0:8]-[C:9]=[O;D1;H0:10]>>[#7:6]-[C:7]-[N;H0;D3;+0:8](-[CH;D3;+0:1](-[C:2])-[C:3](=[O;D1;H0:4])-[O;D1;H1:5])-[C:9]=[O;D1;H0:10]"", ""reactants"": [""CC1(C)NC(=O)C2Cc3ccccc3CN21"", ""CC(C)CC(O)C(=O)O""], ""product"": ""CC(C)CC(C(=O)O)N1C(=O)C2Cc3ccccc3CN2C1(C)C""}], ""building_blocks"": [""CC1(C)NC(=O)C2Cc3ccccc3CN21"", ""CC(C)CC(O)C(=O)O""]}"
C=C(C(=O)OC)C(C)C(C)O,reactant,valid,True,apply_fixes|fix_building_blocks|fix_step,validate_route|fix_building_blocks|fix_step|apply_fixes,True,1,350.7,,"{""reactions"": [{""reaction_number"": 1, ""reaction_template"": ""Br-[CH;D3;+0:1](-[C:2])-[C;D1;H3:3].[#8:4]-[C:5](=[O;D1;H0:6])-[CH;D2;+0:7]=[C;D1;H2:8]>>[#8:4]-[C:5](=[O;D1;H0:6])-[C;H0;D3;+0:7](=[C;D1;H2:8])-[CH;D3;+0:1](-[C:2])-[C;D1;H3:3]"", ""reactants"": [""CC(O)C(C)Br"", ""C=CC(=O)OC""], ""product"": ""C=C(C(=O)OC)C(C)C(C)O""}], ""building_blocks"": [""CC(O)C(C)Br"", ""C=CC(=O)OC""]}"
CCCSc1nc(NN=C(C)c2ccccc2O)c2nnn(Cc3ccccc3)c2n1,reactant,valid,True,apply_fixes|fix_building_blocks|fix_step,validate_route|fix_building_blocks|fix_step|apply_fixes,True,1,437.4,,"{""reactions"": [{""reaction_number"": 1, ""reaction_template"": ""[c:1]Cl.[NH2:2]>>[c:1][N:2]"", ""reactants"": [""CCCSc1nc(Cl)c2nnn(Cc3ccccc3)c2n1"", ""CC(=NN)c1ccccc1O""], ""product"": ""CCCSc1nc(NN=C(C)c2ccccc2O)c2nnn(Cc3ccccc3)c2n1""}], ""building_blocks"": [""CCCSc1nc(Cl)c2nnn(Cc3ccccc3)c2n1"", ""CC(=NN)c1ccccc1O""]}"
CC(=O)Nc1nc(O)c2cc[nH]c2n1,reactant,reactant,False,apply_fixes|fix_building_blocks|fix_step,validate_route|fix_building_blocks|fix_step|apply_fixes,True,1,348.4,,"{""reactions"": [{""reaction_number"": 1, ""reaction_template"": ""[c;!$(c1ccccc1);$(c1[n,c]c[n,c]c[n,c]1):1][Cl,F].[N;$(NC);!$(N=*);!$([N-]);!$(N#*);!$([ND3]);!$([ND4]);!$(N[c,O]);!$(N[C,S]=[S,O,N]):2]>>[c:1][N:2]"", ""reactants"": [""Oc1nc(Cl)nc2[nH]ccc12"", ""CC(=O)Nc1nc(O)c2cc[nH]c2n1""], ""product"": ""CC(=O)Nc1nc(O)c2cc[nH]c2n1""}], ""building_blocks"": [""Oc1nc(Cl)nc2[nH]ccc12""]}"
CCCSC1=NC(=Cc2ccc([N+](=O)[O-])o2)C(=O)S1,reactant,reaction,False,apply_fixes|fix_building_blocks|fix_step,validate_route|fix_building_blocks|fix_step|apply_fixes,True,1,409.6,,"{""reactions"": [{""reaction_number"": 1, ""reaction_template"": ""Cl-[CH2;D2;+0:1]-[c:2]:[#8;a:3].O=[C;H0;D3;+0:4]1-[#7:5]=[C:6]-[#16:7]-[C:8]-1=[O;D1;H0:9]>>[#8;a:3]:[c:2]-[CH;D2;+0:1]=[C;H0;D3;+0:4]1-[#7:5]=[C:6]-[#16:7]-[C:8]-1=[O;D1;H0:9]"", ""reactants"": [""CCCSC1=NC(=O)C(=O)S1"", ""O=[N+]([O-])c1ccc(CCl)o1""], ""product"": ""CCCSC1=NC(=Cc2ccc([N+](=O)[O-])o2)C(=O)S1""}], ""building_blocks"": [""CCCSC1=NC(=O)C(=O)S1"", ""O=[N+]([O-])c1ccc(CCl)o1""]}"
COc1ccc(C(C(=O)NC(C)(C)C)N(C(=O)C(N)Cc2ccccc2)C(CC(C)C)C(=O)O)cc1OC,product,product,False,apply_fixes|fix_building_blocks|fix_step,validate_route|fix_building_blocks|fix_step|apply_fixes,True,1,403.3,,"{""reactions"": [{""reaction_number"": 1, ""reaction_template"": ""[Cl,OH,O-:3][C$(C(=O)([CX4,c])),C$([CH](=O)):2]=[O:4].[N$([NH2,NH3+1]([CX4,c])),N$([NH]([CX4,c])([CX4,c])):6]>>[N+0:6]-[C:2]=[O:4]"", ""reactants"": [""COc1ccc(C(NC(CC(C)C)C(=O)O)C(=O)NC(C)(C)C)cc1OC"", ""NC(Cc1ccccc1)C(=O)O""], ""product"": ""COc1ccc(C(C(=O)NC(C)(C)C)N(C(=O)C(N)Cc2ccccc2)C(CC(C)C)C(=O)O)cc1OC""}, {""reaction_number"": 2, ""reaction_template"": ""[NX3;!$(N[C,S]=[S,O,N]);$(N[#6]);!$(N[#7]);H1,H2:1].[#6:3][CX3;!$(C[!#6]);H0,H1:4]=[O]>>[N:1][C:4][#6:3]"", ""reactants"": [""COc1ccc(C(N)C(=O)NC(C)(C)C)cc1OC"", ""CC(C)CC(=O)C(=O)O""], ""product"": ""COc1ccc(C(NC(CC(C)C)C(=O)O)C(=O)NC(C)(C)C)cc1OC""}], ""building_blocks"": [""NC(Cc1ccccc1)C(=O)O"", ""COc1ccc(C(N)C(=O)NC(C)(C)C)cc1OC"", ""CC(C)CC(=O)C(=O)O""]}"
NC(=S)Nc1cccc(-c2nnc(SCCc3ccccc3)o2)c1,product,product,False,apply_fixes|fix_building_blocks|fix_step,validate_route|fix_building_blocks|fix_step|apply_fixes,True,1,362.9,,"{""reactions"": [{""reaction_number"": 1, ""reaction_template"": ""[Br,I:1][C$(C([Br,I])([CX4])([CX4])([CX4])),C$([CH]([Br,I])([CX4])([CX4])),C$([CH2]([Br,I])([CX4])),C$([CH3]([Br,I])),C$([C]([Br,I])(=C)([CX4])),C$([CH]([Br,I])(=C)),C$(C([Br,I])(#C)),c$(c([Br,I])):2].[Br,I:3][C$(C([Br,I])([CX4])([CX4])([CX4])),C$([CH]([Br,I])([CX4])([CX4])),C$([CH2]([Br,I])([CX4])),C$([CH3]([Br,I])),C$([C]([Br,I])(=C)([CX4])),C$([CH]([Br,I])(=C)),C$(C([Br,I])(#C)),c$(c([Br,I])):4]>>[C,c:2][C,c:4]"", ""reactants"": [""NC(=S)Nc1cccc(Br)c1"", ""Sc1nnc(Br)o1""], ""product"": ""NC(=S)Nc1cccc(-c2nnc(SCCc3ccccc3)o2)c1""}], ""building_blocks"": [""NC(=S)Nc1cccc(Br)c1"", ""Sc1nnc(Br)o1""]}"
O=C(Nc1cc(Nc2ccc3c(c2)CCc2ccc(OCCN4CCOCC4)cc2C3=O)ccc1F)c1ccccc1,product,product,False,apply_fixes|fix_building_blocks,validate_route|fix_building_blocks|apply_fixes,True,2,394.5,,"{""reactions"": [{""reaction_number"": 1, ""reaction_template"": ""[Cl,Br,I][c;$(c1:[c,n]:[c,n]:[c,n]:[c,n]:[c,n]:1):1].[N;$(NC)&!$(N=*)&!$([N-])&!$(N#*)&!$([ND3])&!$([ND4])&!$(N[c,O])&!$(N[C,S]=[S,O,N]),H2&$(Nc1:[c,n]:[c,n]:[c,n]:[c,n]:[c,n]:1):2]>>[c:1][N:2]"", ""reactants"": [""O=C1c2ccc(OCCN3CCOCC3)cc2CCc2cc(Br)ccc21"", ""Nc1ccc(F)c(NC(=O)c2ccccc2)c1""], ""product"": ""O=C(Nc1cc(Nc2ccc3c(c2)CCc2ccc(OCCN4CCOCC4)cc2C3=O)ccc1F)c1ccccc1""}], ""building_blocks"": [""O=C1c2ccc(OCCN3CCOCC3)cc2CCc2cc(Br)ccc21"", ""Nc1ccc(F)c(NC(=O)c2ccccc2)c1""]}"
O=S(=O)(c1ccc2c(c1)CCCN2)N1CCCC2CCCCC21,reactant,valid,True,apply_fixes|fix_building_blocks|fix_step,validate_route|fix_building_blocks|fix_step|apply_fixes,True,1,407.5,,"{""reactions"": [{""reaction_number"": 1, ""reaction_template"": ""[NX3;!$(N[C]=[S,O,N]);$(N[#6,S]);H1,H2:1].[#6:2][S:3](=[O:4])(=[O:5])[F,Cl,Br,I]>>[N:1][S:3](=[O:4])(=[O:5])[#6:2]"", ""reactants"": [""C1CCC2NCCCC2C1"", ""O=S(=O)(Cl)c1ccc2c(c1)CCCN2""], ""product"": ""O=S(=O)(c1ccc2c(c1)CCCN2)N1CCCC2CCCCC21""}], ""building_blocks"": [""C1CCC2NCCCC2C1"", ""O=S(=O)(Cl)c1ccc2c(c1)CCCN2""]}"
CCN(CC)C(=O)n1cnc([Se](=O)(=O)c2ccc(OC)cc2)n1,smiles,smiles,False,apply_fixes|fix_building_blocks|fix_step,validate_route|fix_building_blocks|fix_step|apply_fixes,True,1,429.6,,"{""reactions"": [{""reaction_number"": 1, ""reaction_template"": ""[c;r6:1](-[NH1;$(N-[#6]):2]):[c;r6:3](-[NH2:4]).[#6:6]-[CH1;R0:5](=[OD1])>>[c:3]2:[c:1]:[n:2]:[c:5](-[#6:6]):[n:4]2"", ""reactants"": [""COc1ccc(S(=O)(=O)c2nc[nH]cn2)cc1"", ""CCN(CC)C(=O)Nc1ccc(OC)cc1N""], ""product"": ""CCN(CC)C(=O)n1cnc([Se](=O)(=O)c2ccc(OC)cc2)n1""}], ""building_blocks"": [""COc1ccc(S(=O)(=O)c2nc[nH]cn2)cc1"", ""CCN(CC)C(=O)Nc1ccc(OC)cc1N""]}"
COc1ccc(-c2nc(OC)nn2-c2ccc(OC)cc2)cc1,reactant,valid,True,apply_fixes|fix_building_blocks|fix_step,validate_route|fix_building_blocks|fix_step|apply_fixes,True,1,394.3,,"{""reactions"": [{""reaction_number"": 1, ""reaction_template"": ""O-B(-O)-[c;H0;D3;+0:1](:[c:2]):[c:3].[c:4]:[c;H0;D3;+0:5](-[c;H0;D3;+0:6]1:[#7;a:7]:[c:8]:[#7;a:9]:[nH;D2;+0:10]:1):[c:11]>>[c:2]:[c;H0;D3;+0:1](-[c;H0;D3;+0:6]1:[#7;a:7]:[c:8]:[#7;a:9]:[n;H0;D3;+0:10]:1-[c;H0;D3;+0:5](:[c:4]):[c:11]):[c:3]"", ""reactants"": [""COc1ccc(B(O)O)cc1"", ""COc1ccc(-c2nc(OC)n[nH]2)cc1""], ""product"": ""COc1ccc(-c2nc(OC)nn2-c2ccc(OC)cc2)cc1""}], ""building_blocks"": [""COc1ccc(B(O)O)cc1"", ""COc1ccc(-c2nc(OC)n[nH]2)cc1""]}"
O=[N+]([O-])c1cccc(C=NNc2cnc3ccccc3n2)c1,reactant,reaction,False,apply_fixes|fix_building_blocks|fix_step,validate_route|fix_building_blocks|fix_step|apply_fixes,True,1,306.8,,"{""reactions"": [{""reaction_number"": 1, ""reaction_template"": ""[c:1]Cl.[NH2:2]>>[c:1][N:2]"", ""reactants"": [""O=[N+]([O-])c1cccc(C=NN)c1"", ""Clc1cnc2ccccc2n1""], ""product"": ""O=[N+]([O-])c1cccc(C=NNc2cnc3ccccc3n2)c1""}], ""building_blocks"": [""O=[N+]([O-])c1cccc(C=NN)c1"", ""Clc1cnc2ccccc2n1""]}"
CCc1[nH]c2c(c1CC)C(=NNC(=O)Nc1cccc(SC)c1)CCC2,product,product,False,apply_fixes|fix_building_blocks,validate_route|fix_building_blocks|apply_fixes,True,3,570.8,,"{""reactions"": [{""reaction_number"": 1, ""reaction_template"": ""[NH1;$(N-c1ccccc1):1](-[NH2])-[c:5]:[cH1:4].[C;$(C([#6])[#6]):2](=[OD1])-[CH2;$(C([#6])[#6]);!$(C(C=O)C=O):3]>>[C:5]1-[N:1]-[C:2]=[C:3]-[C:4]:1"", ""reactants"": [""CCC(=O)CCc1cccc(NN)c1"", ""CSc1cccc(NC(=O)NN=C2CCCC(=O)C2)c1""], ""product"": ""CCc1[nH]c2c(c1CC)C(=NNC(=O)Nc1cccc(SC)c1)CCC2""}], ""building_blocks"": [""CCC(=O)CCc1cccc(NN)c1"", ""CSc1cccc(NC(=O)NN=C2CCCC(=O)C2)c1""]}"
NCCOc1ncccc1Cn1c(=O)c2cccn2c2ccccc21,reactant,valid,True,apply_fixes|fix_building_blocks|fix_step,validate_route|fix_building_blocks|fix_step|apply_fixes,True,1,432.2,,"{""reactions"": [{""reaction_number"": 1, ""reaction_template"": ""O-[c;H0;D3;+0:1](:[#7;a:2]):[c:3].[C:4]-[OH;D1;+0:5]>>[#7;a:2]:[c;H0;D3;+0:1](-[O;H0;D2;+0:5]-[C:4]):[c:3]"", ""reactants"": [""O=c1c2cccn2c2ccccc2n1Cc1cccnc1O"", ""NCCO""], ""product"": ""NCCOc1ncccc1Cn1c(=O)c2cccn2c2ccccc21""}], ""building_blocks"": [""O=c1c2cccn2c2ccccc2n1Cc1cccnc1O"", ""NCCO""]}"
O=C(Cc1ccc([N+](=O)[O-])cc1)NNC(=O)c1ccc2c(c1)OCO2,reactant,reaction,False,apply_fixes|fix_building_blocks|fix_step,validate_route|fix_building_blocks|fix_step|apply_fixes,True,1,379.6,,"{""reactions"": [{""reaction_number"": 1, ""reaction_template"": ""I-[CH2;D2;+0:1]-[c:2].O-[C;H0;D3;+0:3](=[O;D1;H0:4])-[#7:5]-[#7:6]>>[#7:6]-[#7:5]-[C;H0;D3;+0:3](=[O;D1;H0:4])-[CH2;D2;+0:1]-[c:2]"", ""reactants"": [""O=C(O)NNC(=O)c1ccc2c(c1)OCO2"", ""O=[N+]([O-])c1ccc(CI)cc1""], ""product"": ""O=C(Cc1ccc([N+](=O)[O-])cc1)NNC(=O)c1ccc2c(c1)OCO2""}], ""building_blocks"": [""O=C(O)NNC(=O)c1ccc2c(c1)OCO2"", ""O=[N+]([O-])c1ccc(CI)cc1""]}"
CC(=O)OCC12CC(OC(=O)CC(C)C)C(C)=CC1OC1C(=O)C(OC(C)=O)C2(C)C12CO2,smiles,reaction,False,apply_fixes|fix_building_blocks|fix_step,validate_route|fix_building_blocks|fix_step|fix_step|apply_fixes,True,1,464.6,,"{""reactions"": [{""reaction_number"": 1, ""reaction_template"": ""[#6:1][C:2](=[O:3])[OH,O-:4].[OH][C;!$(C=[N,O,S]):5]>>[#6:1][C:2](=[O:3])[O:4][C:5]"", ""reactants"": [""CC(=O)OCC12CC(O)C(C)=CC1OC1C(=O)C(OC(C)=O)C2(C)C12CO2"", ""CC(C)CC(=O)O""], ""product"": ""CC(=O)OCC12CC(OC(=O)CC(C)C)C(C)=CC1OC1C(=O)C(OC(C)=O)C2(C)C12CO2""}, {""reaction_number"": 2, ""reaction_template"": ""[C$(C(=C)([CX4,OX2,NX3])([CX4,OX2,NX3])),C$([CH](=C)([CX4,OX2,NX3])),C$([CH2](=C)):1]=[C$(C(=C)([CX4,OX2,NX3])([CX4,OX2,NX3])),C$([CH](=C)([CX4,OX2,NX3])),C$([CH2](=C)):2].[C$(C(=C)([CX4,OX2,NX3])([CX4,OX2,NX3])),C$([CH](=C)([CX4,OX2,NX3])),C$([CH2](=C)):3]=[C$([C](=C)(C)([CX4,OX2,NX3])),C$([CH](=C)(C)):4]-[C$([C](=C)(C)([CX4,OX2,NX3])),C$([CH](=C)(C)):5]=[C$(C(=C)([CX4,OX2,NX3])([CX4,OX2,NX3])),C$([CH](=C)([CX4,OX2,NX3])),C$([CH2](=C)):6]>>[C:1]1[C:2][C:3][C:4]=[C:5][C:6]1"", ""reactants"": [""CC(=O)OCC1=C2CC(OC(C)=O)C(=O)C1(C)C21CO1"", ""C=C(O)C=C(C)C""], ""product"": ""CC(=O)OCC12CC(O)C(C)=CC1OC1C(=O)C(OC(C)=O)C2(C)C12CO2""}], ""building_blocks"": [""CC(C)CC(=O)O"", ""CC(=O)OCC1=C2CC(OC(C)=O)C(=O)C1(C)C21CO1"", ""C=C(O)C=C(C)C""]}"
O=c1[nH]c2ccccc2n2c(=O)c(O)nnc12,smiles,smiles,False,apply_fixes|fix_building_blocks|fix_step,validate_route|fix_building_blocks|fix_step|apply_fixes,True,1,402.0,,"{""reactions"": [{""reaction_number"": 1, ""reaction_template"": ""[c;r6:1](-[C;$(C=O):6]-[OH1]):[c;r6:2]-[C;H1,$(C-C):3]=[OD1].[NH2:4]-[NH1;$(N-[#6]);!$(NC=[O,S,N]):5]>>[c:1]1:[c:2]-[C:3]=[N:4]-[N:5]-[C:6]-1"", ""reactants"": [""NNc1ccccc1=O"", ""O=Cc1c[nH]c(=O)c(O)nn1""], ""product"": ""O=c1[nH]c2ccccc2n2c(=O)c(O)nnc12""}], ""building_blocks"": [""NNc1ccccc1=O"", ""O=Cc1c[nH]c(=O)c(O)nn1""]}"
COc1ccc(Nc2cc3[nH]c(-c4cn[nH]c4)cc3cn2)c(Cl)c1,reaction,reaction,False,apply_fixes|fix_building_blocks|fix_step,validate_route|fix_building_blocks|fix_step|apply_fixes,True,1,355.3,,"{""reactions"": [{""reaction_number"": 1, ""reaction_template"": ""[Cl,Br,I][c;$(c1:[c,n]:[c,n]:[c,n]:[c,n]:[c,n]:1):1].[N;$(NC)&!$(N=*)&!$([N-])&!$(N#*)&!$([ND3])&!$([ND4])&!$(N[c,O])&!$(N[C,S]=[S,O,N]),H2&$(Nc1:[c,n]:[c,n]:[c,n]:[c,n]:[c,n]:1):2]>>[c:1][N:2]"", ""reactants"": [""COc1ccc(N)c(Cl)c1"", ""Clc1cc2[nH]c(-c3cn[nH]c3)cc2cn1""], ""product"": ""COc1ccc(Nc2cc3[nH]c(-c4cn[nH]c4)cc3cn2)c(Cl)c1""}, {""reaction_number"": 2, ""reaction_template"": ""Br-[c;H0;D3;+0:1](:[c:2]-[NH2;D1;+0:3]):[c:4]:[#7;a:5].[CH;D1;+0:6]#[C;H0;D2;+0:7]-[c;H0;D3;+0:8]1:[c:9]:[#7;a:10]:[#7;a:11]:[c:12]:1>>[#7;a:5]:[c:4]:[c;H0;D3;+0:1]1:[c:2]:[nH;D2;+0:3]:[c;H0;D3;+0:7](-[c;H0;D3;+0:8]2:[c:9]:[#7;a:10]:[#7;a:11]:[c:12]:2):[cH;D2;+0:6]:1"", ""reactants"": [""Nc1cc(Cl)ncc1Br"", ""C#Cc1cn[nH]c1""], ""product"": ""Clc1cc2[nH]c(-c3cn[nH]c3)cc2cn1""}], ""building_blocks"": [""COc1ccc(N)c(Cl)c1"", ""Nc1cc(Cl)ncc1Br"", ""C#Cc1cn[nH]c1""]}"
O=C1C(=Nc2cccc(Cl)c2)CC(c2ccc(Cl)cc2)N1c1cccc(Cl)c1,reaction,valid,True,apply_fixes|fix_building_blocks|fix_step,validate_route|fix_building_blocks|fix_step|apply_fixes,True,1,368.8,,"{""reactions"": [{""reaction_number"": 1, ""reaction_template"": ""Cl-[c;H0;D3;+0:1](:[c:2]):[c:3].O=[C;H0;D3;+0:4]1-N=[C;H0;D3;+0:5](-[c;H0;D3;+0:6](:[c:7]):c:[cH;D2;+0:8]:[c:9])-[NH;D2;+0:10]-[C:11]-1>>[O;H0;D1;+0]=[C;H0;D3;+0]1-[C;H0;D3;+0](=[N;H0;D2;+0]-[c;H0;D3;+0:1](:[c:2]):[c:3])-[CH2;D2;+0:4]-[C:11]-[N;H0;D3;+0:10]-1-[c;H0;D3;+0:5](:[cH;D2;+0:6]:[c:7]):[cH;D2;+0:8]:[c:9]"", ""reactants"": [""Clc1cccc(Cl)c1"", ""O=C1N=C(c2ccc(Cl)cc2)NC1c1ccc(Cl)cc1""], ""product"": ""O=C1C(=Nc2cccc(Cl)c2)CC(c2ccc(Cl)cc2)N1c1cccc(Cl)c1""}], ""building_blocks"": [""Clc1cccc(Cl)c1"", ""O=C1N=C(c2ccc(Cl)cc2)NC1c1ccc(Cl)cc1""]}"
CCC(C)C(=O)OC1CC(OC(C)=O)C2(C)COC3C4OC5CC(c6ccoc6)C(C)=C5C4(C)C(CC(=O)OC)C1(C)C32,smiles,reactant,False,apply_fixes|fix_building_blocks|fix_step,validate_route|fix_building_blocks|fix_step|apply_fixes,True,1,277.0,,"{""reactions"": [{""reaction_number"": 1, ""reaction_template"": ""[C$(C(=C)([CX4,OX2,NX3])([CX4,OX2,NX3])),C$([CH](=C)([CX4,OX2,NX3])),C$([CH2](=C)):1]=[C$(C(=C)([CX4,OX2,NX3])([CX4,OX2,NX3])),C$([CH](=C)([CX4,OX2,NX3])),C$([CH2](=C)):2].[C$(C(=C)([CX4,OX2,NX3])([CX4,OX2,NX3])),C$([CH](=C)([CX4,OX2,NX3])),C$([CH2](=C)):3]=[C$([C](=C)(C)([CX4,OX2,NX3])),C$([CH](=C)(C)):4]-[C$([C](=C)(C)([CX4,OX2,NX3])),C$([CH](=C)(C)):5]=[C$(C(=C)([CX4,OX2,NX3])([CX4,OX2,NX3])),C$([CH](=C)([CX4,OX2,NX3])),C$([CH2](=C)):6]>>[C:1]1[C:2][C:3][C:4]=[C:5][C:6]1"", ""reactants"": [""CCC(C)C(=O)OC1CC(OC(C)=O)C2(C)COC3C=C(C)C(C)C312"", ""C=CC(=O)OC""], ""product"": ""CCC(C)C(=O)OC1CC(OC(C)=O)C2(C)COC3C4OC5CC(c6ccoc6)C(C)=C5C4(C)C(CC(=O)OC)C1(C)C32""}], ""building_blocks"": [""CCC(C)C(=O)OC1CC(OC(C)=O)C2(C)COC3C=C(C)C(C)C312"", ""C=CC(=O)OC""]}"
Nc1nc2c(cnn2CCN2CCOCC2)c2nn(Cc3ccccc3)c(=O)n12,reaction,reaction,False,apply_fixes|fix_building_blocks|fix_step,validate_route|fix_building_blocks|fix_step|apply_fixes,True,2,478.5,,"{""reactions"": [{""reaction_number"": 1, ""reaction_template"": ""[c;r6:1](-[C;$(C=O):6]-[OH1]):[c;r6:2]-[C;H1,$(C-C):3]=[OD1].[NH2:4]-[NH1;$(N-[#6]);!$(NC=[O,S,N]):5]>>[c:1]1:[c:2]-[C:3]=[N:4]-[N:5]-[C:6]-1"", ""reactants"": [""NNCc1ccccc1"", ""O=Cc1c(C(=O)O)nc2c(cnn2CCN2CCOCC2)c1N""], ""product"": ""Nc1nc2c(cnn2CCN2CCOCC2)c2nn(Cc3ccccc3)n12""}], ""building_blocks"": [""NNCc1ccccc1"", ""O=Cc1c(C(=O)O)nc2c(cnn2CCN2CCOCC2)c1N""]}"
O=C(C1=COCCO1)N1CCN(C(c2ccccc2)c2ccccc2)CC1,reactant,valid,True,apply_fixes|fix_building_blocks|fix_step,validate_route|fix_building_blocks|fix_step|apply_fixes,True,1,296.4,,"{""reactions"": [{""reaction_number"": 1, ""reaction_template"": ""[NX3;!$(N[C]=[S,O,N]);$(N[#6,S]);!$(N[#7]);H1,H2:1].[#6:4][C:5](=[O:6])[OH,O-]>>[N:1][C:5](=[O:6])[#6:4]"", ""reactants"": [""c1ccc(C(c2ccccc2)N2CCNCC2)cc1"", ""O=C(O)C1=COCCO1""], ""product"": ""O=C(C1=COCCO1)N1CCN(C(c2ccccc2)c2ccccc2)CC1""}], ""building_blocks"": [""c1ccc(C(c2ccccc2)N2CCNCC2)cc1"", ""O=C(O)C1=COCCO1""]}"
Cc1cn(CC2=NCC(C)(C)CN2)c(=O)[nH]c1=O,reactant,reactant,False,apply_fixes|fix_building_blocks|fix_step,validate_route|fix_building_blocks|fix_step|apply_fixes,True,1,334.7,,"{""reactions"": [{""reaction_number"": 1, ""reaction_template"": ""[c:1](-[C;$(C-c1ccccc1):2](=[OD1:3])-[CH3:4]):[c:5](-[OH1:6]).[C;$(C1-[CH2]-[CH2]-[N,C]-[CH2]-[CH2]-1):7](=[OD1])>>[O:6]1-[c:5]:[c:1]-[C:2](=[OD1:3])-[C:4]-[C:7]-1"", ""reactants"": [""CC1(C)CNC(=O)CNC1"", ""CC(=O)c1c(O)cccc1Br""], ""product"": ""Cc1cn(CC2=NCC(C)(C)CN2)c(=O)[nH]c1=O""}], ""building_blocks"": [""CC1(C)CNC(=O)CNC1"", ""CC(=O)c1c(O)cccc1Br""]}"
CCC1OC(=O)CC(O)C(C)C(OC2OC(C)CC(N(C)C)C2O)C(CC=O)CC(C)C(=O)C=CC2(C)OC2C1C,smiles,exception,False,,,,,391.9,ValueError: ChemicalParserException: Number of reactants provided does not match number of reactant templates.,
CC(=O)NCC1CN(c2ccc3c(c2)CCCCC3)C(=O)O1,reactant,reaction,False,apply_fixes|fix_building_blocks|fix_step,validate_route|fix_building_blocks|fix_step|apply_fixes,True,1,326.8,,"{""reactions"": [{""reaction_number"": 1, ""reaction_template"": ""[c:1]Br.[NH1:2]>>[c:1][N:2]"", ""reactants"": [""CC(=O)NCC1CNC(=O)O1"", ""Brc1ccc2c(c1)CCCCC2""], ""product"": ""CC(=O)NCC1CN(c2ccc3c(c2)CCCCC3)C(=O)O1""}], ""building_blocks"": [""CC(=O)NCC1CNC(=O)O1"", ""Brc1ccc2c(c1)CCCCC2""]}"
N#CCCN(c1ccccc1)c1cc(-c2ccc(Oc3ccc(F)cc3)cc2)cc(C(=O)O)n1,reaction,reaction,False,apply_fixes|fix_building_blocks|fix_step,validate_route|fix_building_blocks|fix_step|apply_fixes,True,1,450.8,,"{""reactions"": [{""reaction_number"": 1, ""reaction_template"": ""[#6;H0;D3;$([#6](~[#6])~[#6]):1]B(O)O.[#6;H0;D3;$([#6](~[#6])~[#6]):2][Cl,Br,I]>>[#6:2][#6:1]"", ""reactants"": [""N#CCCN(c1ccccc1)c1cc(Cl)cc(C(=O)O)n1"", ""OB(O)c1ccc(Oc2ccc(F)cc2)cc1""], ""product"": ""N#CCCN(c1ccccc1)c1cc(-c2ccc(Oc3ccc(F)cc3)cc2)cc(C(=O)O)n1""}, {""reaction_number"": 2, ""reaction_template"": ""[NX3;!$(N[C,S]=[S,O,N]);$(N[#6]);!$(N[#7]);H1,H2:1].[#6:2][Cl,Br,I]>>[N:1][#6:2]"", ""reactants"": [""O=C(O)c1cc(Cl)cc(Cl)n1"", ""N#CCCNc1ccccc1""], ""product"": ""N#CCCN(c1ccccc1)c1cc(Cl)cc(C(=O)O)n1""}], ""building_blocks"": [""OB(O)c1ccc(Oc2ccc(F)cc2)cc1"", ""O=C(O)c1cc(Cl)cc(Cl)n1"", ""N#CCCNc1ccccc1""]}"
OCCN1CCN(CC(O)COc2ccc3c(c2)OCO3)CC1,product,product,False,apply_fixes|fix_building_blocks|fix_step,validate_route|fix_building_blocks|fix_step|apply_fixes,True,1,287.4,,"{""reactions"": [{""reaction_number"": 1, ""reaction_template"": ""[#6;$([#6]~[#6]);!$([#6]=O):2][#8;H1:3].[Cl,Br,I][#6;H2;$([#6]~[#6]):4]>>[CH2:4][O:3][#6:2]"", ""reactants"": [""OCCN1CCN(CC(O)CO)CC1"", ""ClCc1ccc2c(c1)OCO2""], ""product"": ""OCCN1CCN(CC(O)COc2ccc3c(c2)OCO3)CC1""}], ""building_blocks"": [""OCCN1CCN(CC(O)CO)CC1"", ""ClCc1ccc2c(c1)OCO2""]}"
Cc1ccc(C2CC(O)Cc3ccccc3N2)s1,reactant,valid,True,apply_fixes|fix_building_blocks|fix_step,validate_route|fix_building_blocks|fix_step|apply_fixes,True,1,387.6,,"{""reactions"": [{""reaction_number"": 1, ""reaction_template"": ""Br-[c;H0;D3;+0:1](:[#16;a:2]):[c:3].C-C1(-C)-O-B(-[CH;D3;+0:4](-[#7:5])-[C:6])-O-C-1(-C)-C>>[#16;a:2]:[c;H0;D3;+0:1](-[CH;D3;+0:4](-[#7:5])-[C:6]):[c:3]"", ""reactants"": [""Cc1ccc(Br)s1"", ""CC1(C)OB(C2CC(O)Cc3ccccc3N2)OC1(C)C""], ""product"": ""Cc1ccc(C2CC(O)Cc3ccccc3N2)s1""}], ""building_blocks"": [""Cc1ccc(Br)s1"", ""CC1(C)OB(C2CC(O)Cc3ccccc3N2)OC1(C)C""]}"
O=c1cc(CO)oc(C2C=C(c3ccccc3Br)Oc3ccccc32)c1O,reaction,exception,False,,,,,302.3,UnexpectedModelBehavior: Tool 'fix_step' exceeded max retries count of 1,
C=CCNC(=O)CCCNC(=N)N,reactant,reactant,False,apply_fixes|fix_building_blocks|fix_step,validate_route|validate_route|fix_building_blocks|fix_step|apply_fixes,True,1,330.4,,"{""reactions"": [{""reaction_number"": 1, ""reaction_template"": ""[OH:2]-[$([CX4]),c:1]>>[Br:3][C,c:1]"", ""reactants"": [""C=CCNC(=O)CCCNC(=N)N""], ""product"": ""C=CCNC(=O)CCCNC(=N)N""}], ""building_blocks"": []}"
CN(Cc1ccccc1)C(=O)CN1c2ccccc2NC(=O)c2ccccc21,reactant,reaction,False,apply_fixes|fix_building_blocks|fix_step,validate_route|fix_building_blocks|fix_step|apply_fixes,True,1,316.9,,"{""reactions"": [{""reaction_number"": 1, ""reaction_template"": ""[NX3;!$(N[C,S]=[S,O,N]);$(N[#6]);!$(N[#7]);H1,H2:1].[#6:3][CX3;!$(C[!#6]);H0,H1:4]=[O]>>[N:1][C:4][#6:3]"", ""reactants"": [""CN(Cc1ccccc1)C(=O)C=O"", ""O=C1Nc2ccccc2Nc2ccccc21""], ""product"": ""CN(Cc1ccccc1)C(=O)CN1c2ccccc2NC(=O)c2ccccc21""}], ""building_blocks"": [""CN(Cc1ccccc1)C(=O)C=O"", ""O=C1Nc2ccccc2Nc2ccccc21""]}"
O=C(CCCCc1cc(CO)no1)Nc1ccccc1,product,product,False,apply_fixes|fix_building_blocks,validate_route|fix_building_blocks|apply_fixes,True,3,494.3,,"{""reactions"": [{""reaction_number"": 1, ""reaction_template"": ""[Br,I:1][C$(C([Br,I])([CX4])([CX4])([CX4])),C$([CH]([Br,I])([CX4])([CX4])),C$([CH2]([Br,I])([CX4])),C$([CH3]([Br,I])),C$([C]([Br,I])(=C)([CX4])),C$([CH]([Br,I])(=C)),C$(C([Br,I])(#C)),c$(c([Br,I])):2].[Br,I:3][C$(C([Br,I])([CX4])([CX4])([CX4])),C$([CH]([Br,I])([CX4])([CX4])),C$([CH2]([Br,I])([CX4])),C$([CH3]([Br,I])),C$([C]([Br,I])(=C)([CX4])),C$([CH]([Br,I])(=C)),C$(C([Br,I])(#C)),c$(c([Br,I])):4]>>[C,c:2][C,c:4]"", ""reactants"": [""OCc1cc(Br)on1"", ""O=C(CCCI)Nc1ccccc1""], ""product"": ""O=C(CCCCc1cc(CO)no1)Nc1ccccc1""}], ""building_blocks"": [""OCc1cc(Br)on1"", ""O=C(CCCI)Nc1ccccc1""]}"
CCCCCC(=O)Nc1ccc(C(=O)COC(=O)CN2C(=O)NC3(CCCC3)C2=O)cc1,reactant,reaction,False,apply_fixes|fix_building_blocks|fix_step,validate_route|fix_building_blocks|fix_step|apply_fixes,True,1,213.1,,"{""reactions"": [{""reaction_number"": 1, ""reaction_template"": ""[#6:1][C:2](=[O:3])[OH,O-:4].[Cl,Br,I][C;!$(C=[N,O,S]):5]>>[#6:1][C:2](=[O:3])[O:4][C:5]"", ""reactants"": [""CCCCCC(=O)Nc1ccc(C(=O)CCl)cc1"", ""O=C(O)CN1C(=O)NC2(CCCC2)C1=O""], ""product"": ""CCCCCC(=O)Nc1ccc(C(=O)COC(=O)CN2C(=O)NC3(CCCC3)C2=O)cc1""}], ""building_blocks"": [""CCCCCC(=O)Nc1ccc(C(=O)CCl)cc1"", ""O=C(O)CN1C(=O)NC2(CCCC2)C1=O""]}"
Cc1cc(C=C2C(=O)NC(=O)N(c3ccc(Br)cc3)C2=O)c(C)n1C,reactant,valid,True,apply_fixes|fix_building_blocks|fix_step,validate_route|fix_building_blocks|fix_step|apply_fixes,True,1,347.5,,"{""reactions"": [{""reaction_number"": 1, ""reaction_template"": ""Cl-[CH2;D2;+0:1]-[c:2]:[c:3]:[#7;a:4].O=[C;H0;D3;+0:5](-[C:6](=[O;D1;H0:7])-[#7:8])-[C:9](=[O;D1;H0:10])-[#7:11]>>[#7:8]-[C:6](=[O;D1;H0:7])-[C;H0;D3;+0:5](=[CH;D2;+0:1]-[c:2]:[c:3]:[#7;a:4])-[C:9](=[O;D1;H0:10])-[#7:11]"", ""reactants"": [""Cc1cc(CCl)c(C)n1C"", ""O=C1NC(=O)C(=O)C(=O)N1c1ccc(Br)cc1""], ""product"": ""Cc1cc(C=C2C(=O)NC(=O)N(c3ccc(Br)cc3)C2=O)c(C)n1C""}], ""building_blocks"": [""Cc1cc(CCl)c(C)n1C"", ""O=C1NC(=O)C(=O)C(=O)N1c1ccc(Br)cc1""]}"
Nc1ncnc2c1ncn2C1C(O)C(O)C2(COP(=O)(O)O)CC12,reactant,valid,True,apply_fixes|fix_building_blocks|fix_step,validate_route|fix_building_blocks|fix_step|apply_fixes,True,1,397.0,,"{""reactions"": [{""reaction_number"": 1, ""reaction_template"": ""N-[NH;D2;+0:1]-[C:2].[#7;a:3]:[c:4]:[c:5]1:[c;H0;D3;+0:6](:[#7;a:7])-N-C-[CH2;D2;+0:8]-[NH;D2;+0:9]-1>>[#7;a:3]:[c:4]:[c:5]1:[n;H0;D2;+0:9]:[cH;D2;+0:8]:[n;H0;D3;+0:1](-[C:2]):[c;H0;D3;+0:6]:1:[#7;a:7]"", ""reactants"": [""NNC1C(O)C(O)C2(COP(=O)(O)O)CC12"", ""Nc1ncnc2c1NCCN2""], ""product"": ""Nc1ncnc2c1ncn2C1C(O)C(O)C2(COP(=O)(O)O)CC12""}], ""building_blocks"": [""NNC1C(O)C(O)C2(COP(=O)(O)O)CC12"", ""Nc1ncnc2c1NCCN2""]}"
NNc1nc(N)c2ncn(C3OC(CO)C(O)C3O)c2n1,product,product,False,apply_fixes|fix_building_blocks|fix_step,validate_route|validate_route|fix_building_blocks|fix_step|apply_fixes,True,2,481.8,,"{""reactions"": [{""reaction_number"": 1, ""reaction_template"": ""[OH:2]-[$([CX4]),c:1]>>[Br:3][C,c:1]"", ""reactants"": [""NNc1nc(N)c2ncn(C3OC(CO)C(O)C3O)c2n1""], ""product"": ""NNc1nc(N)c2ncn(C3OC(CO)C(O)C3O)c2n1""}], ""building_blocks"": []}"
CCC1OC(=O)C(C)C(=O)C(C)C(OC2OC(C)CC(N(C)C)C2O)C(C)(O)CC(C)C(=O)C(C)C2N(C3CN(Cc4ccncc4Br)C3)C(=O)OC12C,reaction,exception,False,,,,,292.2,ValueError: ChemicalParserException: initMatchers() must be called before runReactants(),
CCn1cc(S(=O)(=O)c2ccccc2)c(=O)c2cc(C)ccc21,reaction,reaction,False,apply_fixes|fix_building_blocks|fix_step,validate_route|fix_building_blocks|fix_step|apply_fixes,True,1,292.6,,"{""reactions"": [{""reaction_number"": 1, ""reaction_template"": ""[c;r6:1](-[C;$(C=O):6]-[OH1]):[c;r6:2]-[C;H1,$(C-C):3]=[OD1].[NH2:4]-[NH1;$(N-[#6]);!$(NC=[O,S,N]):5]>>[c:1]1:[c:2]-[C:3]=[N:4]-[N:5]-[C:6]-1"", ""reactants"": [""CCNN"", ""Cc1ccc(C(=O)O)c(C=O)c1""], ""product"": ""CCn1cc(S(=O)(=O)c2ccccc2)c(=O)c2cc(C)ccc21""}], ""building_blocks"": [""CCNN"", ""Cc1ccc(C(=O)O)c(C=O)c1""]}"
Cc1ccc2nnn(C(C)C(O)(Cn3cncn3)c3ccc(F)cc3F)c(=O)c2c1,reactant,reaction,False,apply_fixes|fix_building_blocks|fix_step,validate_route|fix_building_blocks|fix_step|fix_step|apply_fixes,True,1,388.8,,"{""reactions"": [{""reaction_number"": 1, ""reaction_template"": ""C-C(-C(-O)=O)-[n;H0;D3;+0:1](:[c:2]):[#7;a:3]:[#7;a:4].O-[CH;D3;+0:5](-[C:6])-[C;D1;H3:7]>>[#7;a:4]:[#7;a:3]:[n;H0;D3;+0:1](-[CH;D3;+0:5](-[C:6])-[C;D1;H3:7]):[c:2]"", ""reactants"": [""CC(O)C(O)(Cn1cncn1)c1ccc(F)cc1F"", ""Cc1ccc2nnn(C(C)C(=O)O)c(=O)c2c1""], ""product"": ""Cc1ccc2nnn(C(C)C(O)(Cn3cncn3)c3ccc(F)cc3F)c(=O)c2c1""}, {""reaction_number"": 2, ""reaction_template"": ""[C;D1;H3:1]-[CH;D3;+0:2](-[OH;D1;+0:3])-[C:4](=[O;D1;H0:5])-[O;D1;H1:6].[NH2;D1;+0:7]-[NH;D2;+0:8]-[c:9]:[cH;D2;+0:10]:[c:11]>>[C;D1;H3:1]-[CH;D3;+0:2](-[C:4](=[O;D1;H0:5])-[O;D1;H1:6])-[n;H0;D3;+0]1:[n;H0;D2;+0:7]:[n;H0;D2;+0:8]:[c:9]:[c;H0;D3;+0:10](:[c:11]):[c;H0;D3;+0]:1=[O;H0;D1;+0:3]"", ""reactants"": [""CC(O)C(=O)O"", ""Cc1ccc(NN)cc1""], ""product"": ""Cc1ccc2nnn(C(C)C(=O)O)c(=O)c2c1""}], ""building_blocks"": [""CC(O)C(O)(Cn1cncn1)c1ccc(F)cc1F"", ""CC(O)C(=O)O"", ""Cc1ccc(NN)cc1""]}"
COc1ccc2c(ccc3nc4cccc(C(=O)NCCN(C)C)c4nc32)c1,product,product,False,apply_fixes|fix_building_blocks,validate_route|fix_building_blocks|apply_fixes,True,2,469.7,,"{""reactions"": [{""reaction_number"": 1, ""reaction_template"": ""[NH2;$(N-c1ccccc1):1]-[c:2]:[c:3]-[CH1:4]=[OD1].[C;$(C([#6])[#6]):6](=[OD1])-[CH2;$(C([#6])[#6]);!$(C(C=O)C=O):5]>>[N:1]1-[c:2]:[c:3]-[C:4]=[C:5]-[C:6]:1"", ""reactants"": [""CN(C)CCNC(=O)c1cccc(N)c1C=O"", ""COc1ccc2c(ccc(=O)C2)c1""], ""product"": ""COc1ccc2c(ccc3nc4cccc(C(=O)NCCN(C)C)c4nc32)c1""}], ""building_blocks"": [""CN(C)CCNC(=O)c1cccc(N)c1C=O"", ""COc1ccc2c(ccc(=O)C2)c1""]}"
O=c1c2c(O)cc(CSc3nnnn3-c3ccccc3)nc2[nH]n1-c1ccccc1,reactant,reaction,False,apply_fixes|fix_building_blocks|fix_step,validate_route|fix_building_blocks|fix_step|apply_fixes,True,1,359.8,,"{""reactions"": [{""reaction_number"": 1, ""reaction_template"": ""O-c1:c:[c;H0;D3;+0:1](-[C:2]):[c;H0;D3;+0:3](-[C;H0;D3;+0:4](=O)-[O;D1;H1:5]):[c;H0;D3;+0:6](-[NH2;D1;+0:7]):n:1.[O;H0;D1;+0:8]=[C;H0;D3;+0:9](-N-c1:c:c:c:c:c:1)-[c;H0;D3;+0:10]1:[#7;a:11]:[n;H0;D2;+0:12]:n:n:1>>[C:2]-[c;H0;D3;+0:1]1:[cH;D2;+0:3]:[c;H0;D3;+0:4](-[O;D1;H1:5]):[c;H0;D3;+0:9]2:[c;H0;D3;+0:10](=[O;H0;D1;+0:8]):[#7;a:11]:[nH;D2;+0:12]:[c;H0;D3;+0:6]:2:[n;H0;D2;+0:7]:1"", ""reactants"": [""O=C(Nc1ccccc1)c1nnnn1-c1ccccc1"", ""Nc1nc(O)cc(CSc2nnnn2-c2ccccc2)c1C(=O)O""], ""product"": ""O=c1c2c(O)cc(CSc3nnnn3-c3ccccc3)nc2[nH]n1-c1ccccc1""}], ""building_blocks"": [""O=C(Nc1ccccc1)c1nnnn1-c1ccccc1"", ""Nc1nc(O)cc(CSc2nnnn2-c2ccccc2)c1C(=O)O""]}"
OC1(c2ccc3c(c2)CCCC3)c2ccccc2C2=NCCN21,reactant,other,False,apply_fixes|fix_building_blocks|fix_step,validate_route|fix_building_blocks|fix_step|apply_fixes,True,1,308.1,,"{""reactions"": [{""reaction_number"": 1, ""reaction_template"": ""[#6:1][C;H1,$([C]([#6])[#6]):2]=[OD1:3].[Cl,Br,I][#6;$([#6]~[#6]);!$([#6]=O);[V(=0)]:4]>>[C:1][#6:2]([OH1:3])[#6:4]"", ""reactants"": [""O=C1c2ccccc2C2=NCCN12"", ""Brc1ccc2c(c1)CCCC2""], ""product"": ""OC1(c2ccc3c(c2)CCCC3)c2ccccc2C2=NCCN21""}], ""building_blocks"": [""O=C1c2ccccc2C2=NCCN12"", ""Brc1ccc2c(c1)CCCC2""]}"
COC(=O)c1ccccc1NC(=O)COC(=O)C=Cc1cccs1,reactant,valid,True,apply_fixes|fix_building_blocks|fix_step,validate_route|fix_building_blocks|fix_step|apply_fixes,True,1,377.6,,"{""reactions"": [{""reaction_number"": 1, ""reaction_template"": ""[#6:1][C:2](=[O:3])[OH,O-:4].[Cl,Br,I][C;!$(C=[N,O,S]):5]>>[#6:1][C:2](=[O:3])[O:4][C:5]"", ""reactants"": [""O=C(C=Cc1cccs1)O"", ""COC(=O)c1ccccc1NC(=O)CCl""], ""product"": ""COC(=O)c1ccccc1NC(=O)COC(=O)C=Cc1cccs1""}], ""building_blocks"": [""O=C(C=Cc1cccs1)O"", ""COC(=O)c1ccccc1NC(=O)CCl""]}"
Cc1ccc2cc3cc(C(=O)Nc4ccc(F)cc4Cl)oc3nc2c1,product,product,False,apply_fixes|fix_building_blocks,validate_route|fix_building_blocks|apply_fixes,True,2,491.8,,"{""reactions"": [{""reaction_number"": 1, ""reaction_template"": ""[*;Br,I;$(*c1ccccc1)]-[c:1]:[c:2]-[OH1:3].[CH1:5]#[C;$(C-[#6]):4]>>[c:1]1:[c:2]-[O:3]-[C:4]=[C:5]-1"", ""reactants"": [""Cc1ccc(Br)c(O)c1"", ""C#CC(=O)Nc1ccc(F)cc1Cl""], ""product"": ""Cc1ccc2cc3cc(C(=O)Nc4ccc(F)cc4Cl)oc3nc2c1""}], ""building_blocks"": [""Cc1ccc(Br)c(O)c1"", ""C#CC(=O)Nc1ccc(F)cc1Cl""]}"
Cc1nn(CNC2C(=O)N3C2SC(C)(C)C3C(=O)O)c(=O)n1CCCn1ccnc1,reactant,valid,True,apply_fixes|fix_building_blocks|fix_step,validate_route|fix_building_blocks|fix_step|apply_fixes,True,1,357.0,,"{""reactions"": [{""reaction_number"": 1, ""reaction_template"": ""[NX3;!$(N[C,S]=[S,O,N]);$(N[#6]);!$(N[#7]);H1,H2:1].[#6:3][CX3;!$(C[!#6]);H0,H1:4]=[O]>>[N:1][C:4][#6:3]"", ""reactants"": [""Cc1nn(CN)c(=O)n1CCCn1ccnc1"", ""CC1(C)SC2C(=O)C(=O)N2C1C(=O)O""], ""product"": ""Cc1nn(CNC2C(=O)N3C2SC(C)(C)C3C(=O)O)c(=O)n1CCCn1ccnc1""}], ""building_blocks"": [""Cc1nn(CN)c(=O)n1CCCn1ccnc1"", ""CC1(C)SC2C(=O)C(=O)N2C1C(=O)O""]}"
CC(C)N(C=Nc1ccc2c(c1)C(=O)c1ccc(N=CN(C(C)C)C(C)C)cc1C2=O)C(C)C,reaction,reaction,False,apply_fixes|fix_building_blocks,validate_route|validate_route|fix_building_blocks|apply_fixes,True,3,512.8,,"{""reactions"": [{""reaction_number"": 1, ""reaction_template"": ""[Cl,Br,I][c;$(c1:[c,n]:[c,n]:[c,n]:[c,n]:[c,n]:1):1].[N;$(NC)&!$(N=*)&!$([N-])&!$(N#*)&!$([ND3])&!$([ND4])&!$(N[c,O])&!$(N[C,S]=[S,O,N]),H2&$(Nc1:[c,n]:[c,n]:[c,n]:[c,n]:[c,n]:1):2]>>[c:1][N:2]"", ""reactants"": [""CC(C)NC(C)C"", ""CC(C)N(C=Nc1ccc2c(c1)C(=O)c1ccc(Br)cc1C2=O)C(C)C""], ""product"": ""CC(C)N(C=Nc1ccc2c(c1)C(=O)c1ccc(N=CN(C(C)C)C(C)C)cc1C2=O)C(C)C""}], ""building_blocks"": [""CC(C)NC(C)C"", ""CC(C)N(C=Nc1ccc2c(c1)C(=O)c1ccc(Br)cc1C2=O)C(C)C""]}"
NS(=O)(=O)c1ccc(S(=O)(=O)c2ccc(O)cc2)s1,product,product,False,apply_fixes|fix_building_blocks,validate_route|fix_building_blocks|apply_fixes,True,2,340.8,,"{""reactions"": [{""reaction_number"": 1, ""reaction_template"": ""[OH:2]-[$([CX4]),c:1]>>[Br:3][C,c:1]"", ""reactants"": [""NS(=O)(=O)c1ccc(S(=O)(=O)c2ccc(O)cc2)s1""], ""product"": ""NS(=O)(=O)c1ccc(S(=O)(=O)c2ccc(O)cc2)s1""}], ""building_blocks"": []}"
O=C(C=Cc1ccccc1)OCc1cn(Cc2ccc(Br)cc2)nn1,reactant,reaction,False,apply_fixes|fix_building_blocks|fix_step,validate_route|fix_building_blocks|fix_step|apply_fixes,True,1,329.0,,"{""reactions"": [{""reaction_number"": 1, ""reaction_template"": ""[#6:1][C:2](=[O:3])[OH,O-:4].[OH][C;!$(C=[N,O,S]):5]>>[#6:1][C:2](=[O:3])[O:4][C:5]"", ""reactants"": [""OCc1cn(Cc2ccc(Br)cc2)nn1"", ""O=C(O)C=Cc1ccccc1""], ""product"": ""O=C(C=Cc1ccccc1)OCc1cn(Cc2ccc(Br)cc2)nn1""}], ""building_blocks"": [""OCc1cn(Cc2ccc(Br)cc2)nn1"", ""O=C(O)C=Cc1ccccc1""]}"
Cc1ccc(NC2=NCC(=O)N2Cc2ccc3c(c2)OCO3)c(C)c1,reactant,valid,True,apply_fixes|fix_building_blocks|fix_step,validate_route|fix_building_blocks|fix_step|apply_fixes,True,1,340.0,,"{""reactions"": [{""reaction_number"": 1, ""reaction_template"": ""[c:1]Br.[NH2:2]>>[c:1][N:2]"", ""reactants"": [""Cc1ccc(Br)c(C)c1"", ""NC1=NCC(=O)N1Cc1ccc2c(c1)OCO2""], ""product"": ""Cc1ccc(NC2=NCC(=O)N2Cc2ccc3c(c2)OCO3)c(C)c1""}], ""building_blocks"": [""Cc1ccc(Br)c(C)c1"", ""NC1=NCC(=O)N1Cc1ccc2c(c1)OCO2""]}"
Cn1cnc([N+](=O)[O-])c1Oc1ccc2ccccc2c1,reactant,valid,True,apply_fixes|fix_building_blocks|fix_step,validate_route|fix_building_blocks|fix_step|apply_fixes,True,1,415.1,,"{""reactions"": [{""reaction_number"": 1, ""reaction_template"": ""O-[c;H0;D3;+0:1](:[c:2]):[c:3].[#7;a:4]:[c:5](-[OH;D1;+0:6]):[c:7]:[#7;a:8]>>[#7;a:4]:[c:5](-[O;H0;D2;+0:6]-[c;H0;D3;+0:1](:[c:2]):[c:3]):[c:7]:[#7;a:8]"", ""reactants"": [""Oc1ccc2ccccc2c1"", ""Cn1cnc([N+](=O)[O-])c1O""], ""product"": ""Cn1cnc([N+](=O)[O-])c1Oc1ccc2ccccc2c1""}], ""building_blocks"": [""Oc1ccc2ccccc2c1"", ""Cn1cnc([N+](=O)[O-])c1O""]}"
CC(=O)c1cccc(-n2nnc3c(=O)[nH]c(C)nc32)c1,product,valid,True,apply_fixes|fix_building_blocks|fix_step,validate_route|fix_building_blocks|fix_step|apply_fixes,True,1,300.0,,"{""reactions"": [{""reaction_number"": 1, ""reaction_template"": ""O-B(-[OH;D1;+0:1])-[c;H0;D3;+0:2](:[c:3]):[c:4].O=[c;H0;D3;+0:5]1:[#7;a:6]:[#7;a:7]:[nH;D2;+0:8]:[c;H0;D3;+0:9]2:[#7;a:10]:[c:11]:[#7;a:12]:[c;H0;D3;+0:13]:2:1>>[O;H0;D1;+0:1]=[c;H0;D3;+0:13]1:[#7;a:12]:[c:11]:[#7;a:10]:[c;H0;D3;+0:9]2:[c;H0;D3;+0:5]:1:[#7;a:6]:[#7;a:7]:[n;H0;D3;+0:8]:2-[c;H0;D3;+0:2](:[c:3]):[c:4]"", ""reactants"": [""CC(=O)c1cccc(B(O)O)c1"", ""Cc1nc2[nH]nnc(=O)c2[nH]1""], ""product"": ""CC(=O)c1cccc(-n2nnc3c(=O)[nH]c(C)nc32)c1""}], ""building_blocks"": [""CC(=O)c1cccc(B(O)O)c1"", ""Cc1nc2[nH]nnc(=O)c2[nH]1""]}"
O=C(C=Cc1noc(-c2cc(Cl)c(O)cc2O)c1-c1ccc(O)cc1)N1CCN(c2ncccn2)CC1,reaction,reaction,False,apply_fixes|fix_building_blocks|fix_step,validate_route|fix_building_blocks|fix_step|apply_fixes,True,3,489.6,,"{""reactions"": [{""reaction_number"": 1, ""reaction_template"": ""[#6:6][C:5]#[#7;D1:4].[#6:1][C:2](=[OD1:3])[OH1]>>[#6:6][c:5]1[n:4][o:3][c:2]([#6:1])n1"", ""reactants"": [""O=C(O)c1cc(Cl)c(O)cc1O"", ""N#CC=CC(=O)N1CCN(c2ncccn2)CC1""], ""product"": ""O=C(C=Cc1noc(-c2cc(Cl)c(O)cc2O)c1-c1ccc(O)cc1)N1CCN(c2ncccn2)CC1""}], ""building_blocks"": [""O=C(O)c1cc(Cl)c(O)cc1O"", ""N#CC=CC(=O)N1CCN(c2ncccn2)CC1""]}"
O=C(O)c1ccc(C=Cc2nc(O)c3ccccc3n2)cc1,product,valid,True,apply_fixes|fix_building_blocks|fix_step,validate_route|fix_building_blocks|fix_step|apply_fixes,True,1,369.2,,"{""reactions"": [{""reaction_number"": 1, ""reaction_template"": ""N-[c;H0;D3;+0:1]1:[c:2]:[cH;D2;+0:3]:[cH;D2;+0:4]:[cH;D2;+0:5]:[c;H0;D3;+0:6]:1-[NH;D2;+0:7]-[CH2;D2;+0:8]-[c:9]:[cH;D2;+0:10]:[c:11]:[c;H0;D3;+0:12](-C(-O)=O):[c:13].O-C(=O)-c1:c:c:[c;H0;D3;+0:14](-[CH;D2;+0:15]=[CH;D2;+0:16]-[C:17](=[O;D1;H0:18])-[O;D1;H1:19]):c:c:1>>[O;D1;H0:18]=[C:17](-[O;D1;H1:19])-[c;H0;D3;+0:16]1:[cH;D2;+0:15]:[cH;D2;+0:14]:[c;H0;D3;+0:3](-[CH;D2;+0:4]=[CH;D2;+0:5]-[c;H0;D3;+0:6]2:[n;H0;D2;+0:7]:[c;H0;D3;+0:8](-[O;H1;D1;+0]):[c:9]:[c;H0;D3;+0:10](:[c:11]:[cH;D2;+0:12]:[c:13]):[n;H0;D2;+0]:2):[c:2]:[cH;D2;+0:1]:1"", ""reactants"": [""Nc1ccccc1NCc1ccc(C(=O)O)cc1"", ""O=C(O)C=Cc1ccc(C(=O)O)cc1""], ""product"": ""O=C(O)c1ccc(C=Cc2nc(O)c3ccccc3n2)cc1""}], ""building_blocks"": [""Nc1ccccc1NCc1ccc(C(=O)O)cc1"", ""O=C(O)C=Cc1ccc(C(=O)O)cc1""]}"
COc1ccc2[nH]c3c(=O)c4ccccc4c(=O)c=3sc2c1,reactant,reactant,False,apply_fixes|fix_building_blocks|fix_step,validate_route|fix_building_blocks|fix_step|apply_fixes,True,1,355.0,,"{""reactions"": [{""reaction_number"": 1, ""reaction_template"": ""[OH:2]-[$([CX4]),c:1]>>[Br:3][C,c:1]"", ""reactants"": [""COc1ccc2[nH]c3c(=O)c4ccccc4c(=O)c=3sc2c1""], ""product"": ""COc1ccc2[nH]c3c(=O)c4ccccc4c(=O)c=3sc2c1""}], ""building_blocks"": []}"
CC(C)(C)c1ccc(COC(=O)Nc2ccc(F)cc2)cc1,reactant,valid,True,apply_fixes|fix_building_blocks|fix_step,validate_route|fix_building_blocks|fix_step|apply_fixes,True,1,305.9,,"{""reactions"": [{""reaction_number"": 1, ""reaction_template"": ""[C:1](=O)[OH].[OH:2]>>[C:1](=O)[O:2]"", ""reactants"": [""O=C(O)Nc1ccc(F)cc1"", ""CC(C)(C)c1ccc(CO)cc1""], ""product"": ""CC(C)(C)c1ccc(COC(=O)Nc2ccc(F)cc2)cc1""}], ""building_blocks"": [""O=C(O)Nc1ccc(F)cc1"", ""CC(C)(C)c1ccc(CO)cc1""]}"
CC(O)C(=O)N(CCC(N)CF)C(c1nc(-c2cc(F)ccc2F)sc1Cc1ccccc1)C(C)(C)C,reaction,reaction,False,apply_fixes|fix_building_blocks|fix_step,validate_route|fix_building_blocks|fix_step|apply_fixes,True,1,360.6,,"{""reactions"": [{""reaction_number"": 1, ""reaction_template"": ""[C;H1&$(C([#6])[#6]),H2&$(C[#6]):1][OH1].[NH1;$(N(C=O)C=O):2]>>[C:1][N:2]"", ""reactants"": [""CC(O)C(=O)NC(C)(C)C"", ""NC(CF)CCO""], ""product"": ""CC(O)C(=O)N(CCC(N)CF)C(c1nc(-c2cc(F)ccc2F)sc1Cc1ccccc1)C(C)(C)C""}], ""building_blocks"": [""CC(O)C(=O)NC(C)(C)C"", ""NC(CF)CCO""]}"
C=CCN1CC(=O)N2Cc3[nH]c4ccccc4c3CC2C1=O,reaction,reaction,False,apply_fixes|fix_building_blocks,validate_route|fix_building_blocks|apply_fixes,True,2,514.0,,"{""reactions"": [{""reaction_number"": 1, ""reaction_template"": ""[NH1;$(N-c1ccccc1):1](-[NH2])-[c:5]:[cH1:4].[C;$(C([#6])[#6]):2](=[OD1])-[CH2;$(C([#6])[#6]);!$(C(C=O)C=O):3]>>[C:5]1-[N:1]-[C:2]=[C:3]-[C:4]:1"", ""reactants"": [""C=CCN1CC(=O)N2CCC(=O)CC2C1=O"", ""NNc1ccccc1""], ""product"": ""C=CCN1CC(=O)N2Cc3[nH]c4ccccc4c3CC2C1=O""}], ""building_blocks"": [""C=CCN1CC(=O)N2CCC(=O)CC2C1=O"", ""NNc1ccccc1""]}"
CC(=O)C1CCC2C3CCC4CC(NC(=O)N(C)C)CCC4(C)C3CCC12C,reaction,reaction,False,apply_fixes|fix_building_blocks|fix_step,validate_route|fix_building_blocks|fix_step|apply_fixes,True,1,359.0,,"{""reactions"": [{""reaction_number"": 1, ""reaction_template"": ""O-C(=O)-[CH;D3;+0:1](-[C:2])-[C:3].O-[C;H0;D3;+0:4](-[C;D1;H3:5])=[O;D1;H0:6]>>[C:2]-[CH;D3;+0:1](-[C;H0;D3;+0:4](-[C;D1;H3:5])=[O;D1;H0:6])-[C:3]"", ""reactants"": [""CC(=O)O"", ""CN(C)C(=O)NC1CCC2(C)C(CCC3C2CCC2(C)C(C(=O)O)CCC32)C1""], ""product"": ""CC(=O)C1CCC2C3CCC4CC(NC(=O)N(C)C)CCC4(C)C3CCC12C""}], ""building_blocks"": [""CC(=O)O"", ""CN(C)C(=O)NC1CCC2(C)C(CCC3C2CCC2(C)C(C(=O)O)CCC32)C1""]}"
NCCc1ccccc1S(=O)(=O)F,reactant,reactant,False,apply_fixes|fix_building_blocks|fix_step,validate_route|fix_building_blocks|fix_step|apply_fixes,True,1,307.2,,"{""reactions"": [{""reaction_number"": 1, ""reaction_template"": ""[OH:2]-[$([CX4]),c:1]>>[Br:3][C,c:1]"", ""reactants"": [""NCCc1ccccc1S(=O)(=O)F""], ""product"": ""NCCc1ccccc1S(=O)(=O)F""}], ""building_blocks"": []}"
COc1ccc2c(ccn2S(=O)(=O)c2ccccc2)c1,reactant,reactant,False,apply_fixes|fix_building_blocks|fix_step,validate_route|fix_building_blocks|fix_step|apply_fixes,True,1,371.8,,"{""reactions"": [{""reaction_number"": 1, ""reaction_template"": ""[NH2,NH3+:3]-[N$([NH](N)([CX4])):2].[C$([CH](C)(C)([CX4])),C$([CH2](C)(C)):6](-[C$(C(=O)(C)([CX4])),C$([CH](=O)(C)):5]=[O:9])-[C$(C(=O)(C)([CX4])),C$([CH](=O)(C)):7]=[O:10]>>[c:7]1[n:3][n:2][c:5][c:6]1"", ""reactants"": [""COc1ccc(C(=O)CC=O)cc1"", ""NNc1ccccc1S(=O)(=O)Nc1ccc2c(c1)OCO2""], ""product"": ""COc1ccc2c(ccn2S(=O)(=O)c2ccccc2)c1""}], ""building_blocks"": [""COc1ccc(C(=O)CC=O)cc1"", ""NNc1ccccc1S(=O)(=O)Nc1ccc2c(c1)OCO2""]}"
COc1ccc(C2CCCN2C(S)=Nc2cccc(C)c2)cc1OC,reactant,valid,True,apply_fixes|fix_building_blocks|fix_step,validate_route|validate_route|fix_building_blocks|fix_step|apply_fixes,True,1,387.9,,"{""reactions"": [{""reaction_number"": 1, ""reaction_template"": ""[#7:1]=[C;H0;D2;+0:2]=[S;H0;D1;+0:3].[C:4]-[NH;D2;+0:5]-[C:6]>>[#7:1]=[C;H0;D3;+0:2](-[SH;D1;+0:3])-[N;H0;D3;+0:5](-[C:4])-[C:6]"", ""reactants"": [""Cc1cccc(N=C=S)c1"", ""COc1ccc(C2CCCN2)cc1OC""], ""product"": ""COc1ccc(C2CCCN2C(S)=Nc2cccc(C)c2)cc1OC""}], ""building_blocks"": [""Cc1cccc(N=C=S)c1"", ""COc1ccc(C2CCCN2)cc1OC""]}"
Cc1cc(C)c(S(=O)(=O)Cc2ccccc2)c(OC(C)C)n1,reactant,valid,True,apply_fixes|fix_building_blocks|fix_step,validate_route|fix_building_blocks|fix_step|apply_fixes,True,1,318.1,,"{""reactions"": [{""reaction_number"": 1, ""reaction_template"": ""O-[c;H0;D3;+0:1](:[#7;a:2]):[c:3].[C:4]-[OH;D1;+0:5]>>[#7;a:2]:[c;H0;D3;+0:1](-[O;H0;D2;+0:5]-[C:4]):[c:3]"", ""reactants"": [""Cc1cc(C)c(S(=O)(=O)Cc2ccccc2)c(O)n1"", ""CC(C)O""], ""product"": ""Cc1cc(C)c(S(=O)(=O)Cc2ccccc2)c(OC(C)C)n1""}], ""building_blocks"": [""Cc1cc(C)c(S(=O)(=O)Cc2ccccc2)c(O)n1"", ""CC(C)O""]}"
Cc1c2c(n3c1CCN(CC(C)C)c1cc(C(N)=O)c(Cl)cc1-3)CC(C)(C)CC2=O,smiles,reactant,False,apply_fixes|fix_building_blocks|fix_step,validate_route|fix_building_blocks|fix_step|apply_fixes,True,1,414.1,,"{""reactions"": [{""reaction_number"": 1, ""reaction_template"": ""[C$(C(=O)(C)([CX4])),C$(C[H](=O)(C)):1](=[O:2])-[$([CH](C)(C)([CX4])),$([CH2](C)(C)):3]-[$([CH](C)(C)([CX4])),$([CH2](C)(C)):4]-[C$(C(=O)(C)([CX4])),C$(C[H](=O)(C)):5]=[O:6].[N$([NH2,NH3+1]([CX4])):7]>>[c:5]1[c:4][c:3][c:1][n+0:7]1"", ""reactants"": [""CC(C)CN1CCC(=O)C(C(=O)CC2(C)CC(=O)CC(=O)C2)C1"", ""CC1CCNc2cc(C(N)=O)c(Cl)cc21""], ""product"": ""Cc1c2c(n3c1CCN(CC(C)C)c1cc(C(N)=O)c(Cl)cc1-3)CC(C)(C)CC2=O""}, {""reaction_number"": 2, ""reaction_template"": ""[C$([C](O)([CX4])([CX4])([CX4])),C$([CH](O)([CX4])([CX4])),C$([CH2](O)([CX4])):4]-[O:3]-[C$(C(=O)([CX4])),C$([CH](=O)):2]=[O:5].[C$([CH](C)([CX4])([CX4])([CX4])),C$([CH2](C)([CX4])),C$([CH3](C)):7]-[C$(C(=O)([CX4])),C$([CH](=O)):8]=[O:9]>>[C:7](-[C:2]=[O:5])-[C:8]=[O:9]"", ""reactants"": [""CC(C)CN1CCC(=O)CC1"", ""CCOC(=O)CC1(C)CC(=O)CC(=O)C1""], ""product"": ""CC(C)CN1CCC(=O)C(C(=O)CC2(C)CC(=O)CC(=O)C2)C1""}], ""building_blocks"": [""CC1CCNc2cc(C(N)=O)c(Cl)cc21"", ""CC(C)CN1CCC(=O)CC1"", ""CCOC(=O)CC1(C)CC(=O)CC(=O)C1""]}"
CC(=NNC(=O)c1ccc(N2CCCC2=O)cc1)c1ccccc1,reactant,valid,True,apply_fixes|fix_building_blocks|fix_step,validate_route|fix_building_blocks|fix_step|apply_fixes,True,1,348.0,,"{""reactions"": [{""reaction_number"": 1, ""reaction_template"": ""Br-[C;H0;D3;+0:1](-[C;D1;H3:2])=[#7:3]-[#7:4].C-C(=O)-O-I1-O-C(=O)-[c;H0;D3;+0:5](:[c:6]):[c;H0;D3;+0:7]-1:[c:8]>>[#7:4]-[#7:3]=[C;H0;D3;+0:1](-[C;D1;H3:2])-[c;H0;D3;+0:5](:[c:6]):[cH;D2;+0:7]:[c:8]"", ""reactants"": [""CC(Br)=NNC(=O)c1ccc(N2CCCC2=O)cc1"", ""CC(=O)OI1OC(=O)c2ccccc21""], ""product"": ""CC(=NNC(=O)c1ccc(N2CCCC2=O)cc1)c1ccccc1""}], ""building_blocks"": [""CC(Br)=NNC(=O)c1ccc(N2CCCC2=O)cc1"", ""CC(=O)OI1OC(=O)c2ccccc21""]}"
CC(C)(O)c1cn(C2C3=C(OC2(C)C)C(=O)c2ccccc2C3=O)nn1,reaction,reaction,False,apply_fixes|fix_building_blocks,validate_route|fix_building_blocks|apply_fixes,True,1,356.2,,"{""reactions"": [{""reaction_number"": 1, ""reaction_template"": ""[CH0;$(C-[#6]):1]#[CH1:2].[C;H1,H2;A;!$(C=O):3]-[*;#17,#35,#53,OH1]>>[C:1]1=[C:2]-N(-[C:3])-N=N-1"", ""reactants"": [""CC1(C)OC2=C1C(O)C(=O)c1ccccc1C2=O"", ""C#CC(C)(C)O""], ""product"": ""CC(C)(O)c1cn(C2C3=C(OC2(C)C)C(=O)c2ccccc2C3=O)nn1""}], ""building_blocks"": [""CC1(C)OC2=C1C(O)C(=O)c1ccccc1C2=O"", ""C#CC(C)(C)O""]}"
Cc1cc(C)c(S(=O)(=O)NCc2cccnc2)cc1C,reactant,reactant,False,apply_fixes|fix_building_blocks|fix_step,validate_route|fix_building_blocks|fix_step|apply_fixes,True,1,317.9,,"{""reactions"": [{""reaction_number"": 1, ""reaction_template"": ""[Br:1][c$(c(Br)),n$(n(Br)),o$(o(Br)),C$([CH](Br)(=C)):2].[C$(C(B)([CX4])([CX4])([CX4])),C$([CH](B)([CX4])([CX4])),C$([CH2](B)([CX4])),C$([CH2](B)),C$(C(B)(=C)),c$(c(B)),o$(o(B)),n$(n(B)):3][B$(B([C,c,n,o])([OH,$(OC)])([OH,$(OC)])),B$([B-1]([C,c,n,o])(N)([OH,$(OC)])([OH,$(OC)])):4]>>[C,c,n,o:2][C,c,n,o:3]"", ""reactants"": [""Cc1cc(C)c(S(=O)(=O)NCc2cccnc2)cc1C"", ""CC1(C)OB(CBr)OC1(C)C""], ""product"": ""Cc1cc(C)c(S(=O)(=O)NCc2cccnc2)cc1C""}], ""building_blocks"": [""CC1(C)OB(CBr)OC1(C)C""]}"
CP(=O)(O)O,reactant,no_route_rebuilt,False,apply_fixes,validate_route|apply_fixes,True,1,265.5,,
CCC(C(=O)O)n1c2ccccc2c2cnnc(O)c21,reactant,reaction,False,apply_fixes|fix_building_blocks|fix_step,validate_route|fix_building_blocks|fix_step|apply_fixes,True,1,331.0,,"{""reactions"": [{""reaction_number"": 1, ""reaction_template"": ""O=C1-[CH2;D2;+0:1]-[C;H0;D3;+0:2](=O)-[CH2;D2;+0:3]-[c:4](:[cH;D2;+0:5]:[c:6]):[c;H0;D3;+0:7]-1:[c:8].[NH2;D1;+0:9]-[C:10]-[C:11](=[O;D1;H0:12])-[O;D1;H1:13]>>[O;D1;H0:12]=[C:11](-[O;D1;H1:13])-[C:10]-[n;H0;D3;+0:9]1:[c;H0;D3;+0:5](:[c:6]):[c:4](:[cH;D2;+0:7]:[c:8]):[c;H0;D3;+0:3]2:[c;H1;D2;+0]:[n;H0;D2;+0]:[n;H0;D2;+0]:[c;H0;D3;+0:1](-[O;H1;D1;+0]):[c;H0;D3;+0:2]:2:1"", ""reactants"": [""CCC(N)C(=O)O"", ""O=C1CC(=O)c2ccccc2C1""], ""product"": ""CCC(C(=O)O)n1c2ccccc2c2cnnc(O)c21""}], ""building_blocks"": [""CCC(N)C(=O)O"", ""O=C1CC(=O)c2ccccc2C1""]}"
Cc1nsc(-c2c(NC(=O)C3=C(C(=O)O)CCCC3)sc(C)c2C)n1,reactant,no_route_rebuilt,False,apply_fixes|fix_building_blocks,validate_route|fix_building_blocks|apply_fixes,True,2,342.9,,
Cc1nn(-c2ccccc2)c(Oc2cccc(C(F)(F)F)c2)c1C=C1SC(=S)N(C(Cc2ccccc2)C(=O)O)C1=O,reactant,reaction,False,apply_fixes|fix_building_blocks|fix_step,validate_route|fix_building_blocks|fix_step|apply_fixes,True,1,286.9,,"{""reactions"": [{""reaction_number"": 1, ""reaction_template"": ""O-[CH;D3;+0:1](-[C:2])-[C:3](=[O;D1;H0:4])-[O;D1;H1:5].[C:6]=[C:7]1-[#16:8]-[C:9](=[S;D1;H0:10])-[NH;D2;+0:11]-[C:12]-1=[O;D1;H0:13]>>[C:6]=[C:7]1-[#16:8]-[C:9](=[S;D1;H0:10])-[N;H0;D3;+0:11](-[CH;D3;+0:1](-[C:2])-[C:3](=[O;D1;H0:4])-[O;D1;H1:5])-[C:12]-1=[O;D1;H0:13]"", ""reactants"": [""Cc1nn(-c2ccccc2)c(Oc2cccc(C(F)(F)F)c2)c1C=C1SC(=S)NC1=O"", ""O=C(O)C(O)Cc1ccccc1""], ""product"": ""Cc1nn(-c2ccccc2)c(Oc2cccc(C(F)(F)F)c2)c1C=C1SC(=S)N(C(Cc2ccccc2)C(=O)O)C1=O""}], ""building_blocks"": [""Cc1nn(-c2ccccc2)c(Oc2cccc(C(F)(F)F)c2)c1C=C1SC(=S)NC1=O"", ""O=C(O)C(O)Cc1ccccc1""]}"
O=C(O)COc1ccc(Cl)cc1C1c2sc(C(F)(F)F)nc2CCN1C(=O)OCc1ccccc1,reactant,valid,True,apply_fixes|fix_building_blocks|fix_step,validate_route|fix_building_blocks|fix_step|apply_fixes,True,1,407.6,,"{""reactions"": [{""reaction_number"": 1, ""reaction_template"": ""Br-[c;H0;D3;+0:1](:[c:2]):[c:3].C-C1(-C)-O-B(-[CH;D3;+0:4](-[#7:5]-[C:6]=[O;D1;H0:7])-[c:8](:[#16;a:9]):[c:10]:[#7;a:11])-O-C-1(-C)-C>>[#16;a:9]:[c:8](:[c:10]:[#7;a:11])-[CH;D3;+0:4](-[c;H0;D3;+0:1](:[c:2]):[c:3])-[#7:5]-[C:6]=[O;D1;H0:7]"", ""reactants"": [""O=C(O)COc1ccc(Cl)cc1Br"", ""CC1(C)OB(C2c3sc(C(F)(F)F)nc3CCN2C(=O)OCc2ccccc2)OC1(C)C""], ""product"": ""O=C(O)COc1ccc(Cl)cc1C1c2sc(C(F)(F)F)nc2CCN1C(=O)OCc1ccccc1""}], ""building_blocks"": [""O=C(O)COc1ccc(Cl)cc1Br"", ""CC1(C)OB(C2c3sc(C(F)(F)F)nc3CCN2C(=O)OCc2ccccc2)OC1(C)C""]}"
COC1=C(Br)CC2(OC=C1Br)ON=C(C(=O)NCCCOc1c(Br)cc(C(O)CNC=C3C(=O)C=CC3=O)cc1Br)C2O,reactant,valid,True,apply_fixes|fix_building_blocks|fix_step,validate_route|fix_building_blocks|fix_step|apply_fixes,True,1,406.9,,"{""reactions"": [{""reaction_number"": 1, ""reaction_template"": ""[#6:1][C;H1,$([C]([#6])[#6]):2]=[OD1:3].[Cl,Br,I][#6;$([#6]~[#6]);!$([#6]([Cl,Br,I])[Cl,Br,I]);!$([#6]=O):4]>>[C:1][#6:2]([OH1:3])[#6:4]"", ""reactants"": [""O=CCNC=C1C(=O)C=CC1=O"", ""COC1=C(Br)CC2(OC=C1Br)ON=C(C(=O)NCCCOc1c(Br)cc(Br)cc1Br)C2O""], ""product"": ""COC1=C(Br)CC2(OC=C1Br)ON=C(C(=O)NCCCOc1c(Br)cc(C(O)CNC=C3C(=O)C=CC3=O)cc1Br)C2O""}, {""reaction_number"": 2, ""reaction_template"": ""[NX3;!$(N[C]=[S,O,N]);$(N[#6,S]);!$(N[#7]);H1,H2:1].[#6:4][C:5](=[O:6])[OH,O-]>>[N:1][C:5](=[O:6])[#6:4]"", ""reactants"": [""NCCCOc1c(Br)cc(Br)cc1Br"", ""COC1=C(Br)CC2(OC=C1Br)ON=C(C(=O)O)C2O""], ""product"": ""COC1=C(Br)CC2(OC=C1Br)ON=C(C(=O)NCCCOc1c(Br)cc(Br)cc1Br)C2O""}], ""building_blocks"": [""O=CCNC=C1C(=O)C=CC1=O"", ""NCCCOc1c(Br)cc(Br)cc1Br"", ""COC1=C(Br)CC2(OC=C1Br)ON=C(C(=O)O)C2O""]}"
Cc1nc(NC(C)c2cccc(-c3cncc(N)c3)c2)cc(-c2ccc3ncsc3c2)n1,reactant,exception,False,,,,,252.9,ValueError: ChemicalParserException: Number of reactants provided does not match number of reactant templates.,
CNCc1ccccc1Sc1ccc(OC)c(OC)c1,reactant,reactant,False,apply_fixes|fix_building_blocks|fix_step,validate_route|fix_building_blocks|fix_step|apply_fixes,True,1,268.8,,"{""reactions"": [{""reaction_number"": 1, ""reaction_template"": ""[C;H1&$(C([#6])[#6]),H2&$(C[#6]):1][OH1].[OH1;$(Oc1ccccc1):2]>>[C:1][O:2]"", ""reactants"": [""CNCc1ccccc1Sc1ccc(OC)c(OC)c1"", ""COc1ccc(O)cc1OC""], ""product"": ""CNCc1ccccc1Sc1ccc(OC)c(OC)c1""}], ""building_blocks"": [""COc1ccc(O)cc1OC""]}"
COc1cccc(S(=O)(=O)Nc2ccc(C(=O)CSC(C)=O)cc2)c1,reactant,reactant,False,apply_fixes|fix_building_blocks|fix_step,validate_route|fix_building_blocks|fix_step|apply_fixes,True,1,310.2,,"{""reactions"": [{""reaction_number"": 1, ""reaction_template"": ""[#6:1][C:2]#[#7;D1].[Cl,Br,I][#6;$([#6]~[#6]);!$([#6]([Cl,Br,I])[Cl,Br,I]);!$([#6]=O):3]>>[#6:1][C:2](=O)[#6:3]"", ""reactants"": [""COc1cccc(S(=O)(=O)Nc2ccc(C#N)cc2)c1"", ""CC(=O)SCCl""], ""product"": ""COc1cccc(S(=O)(=O)Nc2ccc(C(=O)CSC(C)=O)cc2)c1""}], ""building_blocks"": [""COc1cccc(S(=O)(=O)Nc2ccc(C#N)cc2)c1"", ""CC(=O)SCCl""]}"
Cc1ccc(S(=O)(=O)NN=C2C(C)CC(C(C)(C)C)CC2C)cc1,reactant,reactant,False,apply_fixes|fix_building_blocks|fix_step,validate_route|fix_building_blocks|fix_step|apply_fixes,True,1,314.7,,"{""reactions"": [{""reaction_number"": 1, ""reaction_template"": ""[#6:3]-[C;H1,$([CH0](-[#6])[#6]);!$(CC=O):1]=[OD1].[Cl,Br,I][C;H2;$(C-[#6]);!$(CC[I,Br]);!$(CCO[CH3]):2]>>[C:3][C:1]=[C:2]"", ""reactants"": [""CC1CC(C(C)(C)C)CC(C)C1=O"", ""Cc1ccc(S(=O)(=O)NN=C2C(C)CC(C(C)(C)C)CC2C)cc1""], ""product"": ""Cc1ccc(S(=O)(=O)NN=C2C(C)CC(C(C)(C)C)CC2C)cc1""}], ""building_blocks"": [""CC1CC(C(C)(C)C)CC(C)C1=O""]}"
CCCNc1ncc(CN2CC3CCC2CN(C2CCOCC2)C3)cn1,reaction,other,False,apply_fixes|fix_building_blocks|fix_step,validate_route|fix_building_blocks|fix_step|apply_fixes,True,1,396.8,,"{""reactions"": [{""reaction_number"": 1, ""reaction_template"": ""[C$(C(=O)([CX4,c]),C$([CH](=O)([CX4,c])):1]=[O:2].[N$([NH2,NH3+1]([CX4,c])),N$([NH]([CX4,c])([CX4,c])):3]>>[N+0:3][C:1]"", ""reactants"": [""C1CC2CNCC1CN(C1CCOCC1)C2"", ""CCCNc1ncc(C=O)cn1""], ""product"": ""CCCNc1ncc(CN2CC3CCC2CN(C2CCOCC2)C3)cn1""}], ""building_blocks"": [""C1CC2CNCC1CN(C1CCOCC1)C2"", ""CCCNc1ncc(C=O)cn1""]}"
O=C(O)C1COCCN1C(=S)S,reactant,exception,False,,,,,83.1,UnexpectedModelBehavior: Exceeded maximum output retries (1),
C=CCc1cn(C2OC(CO)C(O)C2F)c(=O)[nH]c1=O,product,no_apply_fixes,False,,validate_route,False,3,535.5,,
C=CC(C)(C)c1cc2ccc(O)cc2oc1=O,product,product,False,apply_fixes|fix_building_blocks,validate_route|fix_building_blocks|apply_fixes,True,1,349.1,,"{""reactions"": [{""reaction_number"": 1, ""reaction_template"": ""[OH:7]-[c:6]1[cH:1][c:2][c:3][c:4][c:5]1.[O$(O(C)([CX4])):12]-[C:11](=[O:15])-[C$([CH](C)(C)([CX4])),C$([CH2](C)(C)):10]-[C:8]=[O:16]>>[C:8]-1=[C:10]-[C:11](=[O:15])-[O]-[c:6]2[c:5][c:4][c:3][c:2][c:1]-12"", ""reactants"": [""Oc1cccc(O)c1"", ""C=CC(C)(C)C(=O)CC(=O)OCC""], ""product"": ""C=CC(C)(C)c1cc2ccc(O)cc2oc1=O""}], ""building_blocks"": [""Oc1cccc(O)c1"", ""C=CC(C)(C)C(=O)CC(=O)OCC""]}"
c1ccc2c(c1)c(N1CCCC1)nn1cnnc21,product,no_apply_fixes,False,,validate_route,False,3,542.2,,
CC(C(=O)N1CCCCCC1)N1CCc2onc(-c3ccccc3)c2C1,reactant,exception,False,,,,,107.0,UnexpectedModelBehavior: Exceeded maximum output retries (1),
Cc1ccc(C(=O)ON=C(Cn2cc([N+](=O)[O-])nc2C)c2ccc(Br)cc2)cn1,reactant,valid,True,apply_fixes|fix_building_blocks|fix_step,validate_route|fix_building_blocks|fix_step|apply_fixes,True,1,316.2,,"{""reactions"": [{""reaction_number"": 1, ""reaction_template"": ""Cl-[CH2;D2;+0:1]-[C:2]=[#7:3].O-C(=O)-C-[n;H0;D3;+0:4]1:[c:5]:[#7;a:6]:[c:7]:[c:8]:1>>[#7:3]=[C:2]-[CH2;D2;+0:1]-[n;H0;D3;+0:4]1:[c:5]:[#7;a:6]:[c:7]:[c:8]:1"", ""reactants"": [""Cc1ccc(C(=O)ON=C(CCl)c2ccc(Br)cc2)cn1"", ""Cc1nc([N+](=O)[O-])cn1CC(=O)O""], ""product"": ""Cc1ccc(C(=O)ON=C(Cn2cc([N+](=O)[O-])nc2C)c2ccc(Br)cc2)cn1""}], ""building_blocks"": [""Cc1ccc(C(=O)ON=C(CCl)c2ccc(Br)cc2)cn1"", ""Cc1nc([N+](=O)[O-])cn1CC(=O)O""]}"
O=P(Oc1ccccc1)(Oc1ccccc1)C(O)(CCl)c1ccc(Cl)cc1,reactant,reaction,False,apply_fixes|fix_building_blocks|fix_step,validate_route|fix_building_blocks|fix_step|apply_fixes,True,1,299.2,,"{""reactions"": [{""reaction_number"": 1, ""reaction_template"": ""Cl-[P;H0;D4;+0:1](-[#8:2])(-[#8:3])=[O;D1;H0:4].[C:5]-[C;H0;D3;+0:6](=[O;H0;D1;+0:7])-[c:8]>>[#8:2]-[P;H0;D4;+0:1](-[#8:3])(=[O;D1;H0:4])-[C;H0;D4;+0:6](-[C:5])(-[OH;D1;+0:7])-[c:8]"", ""reactants"": [""O=C(CCl)c1ccc(Cl)cc1"", ""O=P(Oc1ccccc1)(Oc1ccccc1)Cl""], ""product"": ""O=P(Oc1ccccc1)(Oc1ccccc1)C(O)(CCl)c1ccc(Cl)cc1""}], ""building_blocks"": [""O=C(CCl)c1ccc(Cl)cc1"", ""O=P(Oc1ccccc1)(Oc1ccccc1)Cl""]}"
COc1cc2c[n+]3c(cc2c(OC)c1OC)-c1cc2c(cc1CC3CC(=O)O)OCO2,product,product,False,apply_fixes|fix_building_blocks|fix_step,validate_route|fix_building_blocks|fix_step|apply_fixes,True,1,394.8,,"{""reactions"": [{""reaction_number"": 1, ""reaction_template"": ""[NH1;$(N-c1ccccc1):1](-[NH2])-[c:5]:[cH1:4].[C;$(C([#6])[#6]):2](=[OD1])-[CH2;$(C([#6])[#6]);!$(C(C=O)C=O):3]>>[C:5]1-[N:1]-[C:2]=[C:3]-[C:4]:1"", ""reactants"": [""COc1ccc(NN)cc1OC"", ""O=C(O)CC1CC(=O)c2cc3c(cc2O1)OCO3""], ""product"": ""COc1cc2c[n+]3c(cc2c(OC)c1OC)-c1cc2c(cc1CC3CC(=O)O)OCO2""}], ""building_blocks"": [""COc1ccc(NN)cc1OC"", ""O=C(O)CC1CC(=O)c2cc3c(cc2O1)OCO3""]}"
CNC(=N)NCCCC(N)C(=O)OC,reactant,reactant,False,apply_fixes|fix_building_blocks|fix_step,validate_route|fix_building_blocks|fix_step|apply_fixes,True,1,304.3,,"{""reactions"": [{""reaction_number"": 1, ""reaction_template"": ""[OH:2]-[$([CX4]),c:1]>>[Br:3][C,c:1]"", ""reactants"": [""CNC(=N)NCCCC(N)C(=O)OC""], ""product"": ""CNC(=N)NCCCC(N)C(=O)OC""}], ""building_blocks"": []}"
O=C(Nc1ccc(Cl)cc1)Nc1cccc(-c2cc(CNCCc3ccccc3)oc2-c2ccncc2)c1,reaction,reaction,False,apply_fixes|fix_building_blocks,validate_route|fix_building_blocks|apply_fixes,True,2,473.3,,"{""reactions"": [{""reaction_number"": 1, ""reaction_template"": ""[N;$(N-[#6]):3]=[C;$(C=O):1].[N;$(N[#6]);!$(N=*);!$([N-]);!$(N#*);!$([ND3]);!$([ND4]);!$(N[O,N]);!$(N[C,S]=[S,O,N]):2]>>[N:3]-[C:1]-[N+0:2]"", ""reactants"": [""O=C=Nc1ccc(Cl)cc1"", ""Nc1cccc(-c2cc(CNCCc3ccccc3)oc2-c2ccncc2)c1""], ""product"": ""O=C(Nc1ccc(Cl)cc1)Nc1cccc(-c2cc(CNCCc3ccccc3)oc2-c2ccncc2)c1""}, {""reaction_number"": 2, ""reaction_template"": ""[*;Br,I;$(*c1ccccc1)]-[c:1]:[c:2]-[OH1:3].[CH1:5]#[C;$(C-[#6]):4]>>[c:1]1:[c:2]-[O:3]-[C:4]=[C:5]-1"", ""reactants"": [""C#CCNCCc1ccccc1"", ""Nc1cccc(-c2cc(Br)c(O)c(-c3ccncc3)c2)c1""], ""product"": ""Nc1cccc(-c2cc(CNCCc3ccccc3)oc2-c2ccncc2)c1""}], ""building_blocks"": [""O=C=Nc1ccc(Cl)cc1"", ""C#CCNCCc1ccccc1"", ""Nc1cccc(-c2cc(Br)c(O)c(-c3ccncc3)c2)c1""]}"
Oc1ccc(-c2n[nH]c3ncc(-c4ccc(O)c(O)c4)cc23)cc1,reaction,reaction,False,apply_fixes|fix_building_blocks|fix_step,validate_route|fix_building_blocks|fix_step|apply_fixes,True,2,405.4,,"{""reactions"": [{""reaction_number"": 1, ""reaction_template"": ""[#6;H0;D3;$([#6](~[#6])~[#6]):1]B(O)O.[#6;H0;D3;$([#6](~[#6])~[#6]):2][Cl,Br,I]>>[#6:2][#6:1]"", ""reactants"": [""Oc1ccc(-c2n[nH]c3ncc(Br)cc23)cc1O"", ""CC1(C)OB(c2ccc(O)c(O)c2)OC1(C)C""], ""product"": ""Oc1ccc(-c2n[nH]c3ncc(-c4ccc(O)c(O)c4)cc23)cc1""}], ""building_blocks"": [""Oc1ccc(-c2n[nH]c3ncc(Br)cc23)cc1O"", ""CC1(C)OB(c2ccc(O)c(O)c2)OC1(C)C""]}"
CC=C(C)C(=O)OC12C(O)C(C)C3(O)C(C=C(CO)CC4(O)C(=O)C(C)=CC43)C1C2(C)C,smiles,exception,False,,,,,274.3,UnexpectedModelBehavior: Tool 'fix_step' exceeded max retries count of 1,
Cc1cc2nc3ccccc3nc2cc1C,smiles,smiles,False,apply_fixes|fix_building_blocks|fix_step,validate_route|fix_building_blocks|fix_step|apply_fixes,True,1,384.8,,"{""reactions"": [{""reaction_number"": 1, ""reaction_template"": ""[NH2;$(N-c1ccccc1):1]-[c:2]:[c:3]-[CH1:4]=[OD1].[C;$(C([#6])[#6]):6](=[OD1))-[CH2;$(C([#6])[#6]);!$(C(C=O)C=O):5]>>[N:1]1-[c:2]:[c:3]-[C:4]=[C:5]-[C:6]:1"", ""reactants"": [""Nc1ccccc1C=O"", ""Cc1ccc(=O)cc1C""], ""product"": ""Cc1cc2nc3ccccc3nc2cc1C""}], ""building_blocks"": [""Nc1ccccc1C=O"", ""Cc1ccc(=O)cc1C""]}"
O=C(O)c1c(C(=O)O)c2ccccc2[nH]c1=O,reactant,reactant,False,apply_fixes|fix_building_blocks|fix_step,validate_route|fix_building_blocks|fix_step|apply_fixes,True,1,261.3,,"{""reactions"": [{""reaction_number"": 1, ""reaction_template"": ""[OH:2]-[$([CX4]),c:1]>>[Br:3][C,c:1]"", ""reactants"": [""O=C(O)c1c(C(=O)O)c2ccccc2[nH]c1=O""], ""product"": ""O=C(O)c1c(C(=O)O)c2ccccc2[nH]c1=O""}], ""building_blocks"": []}"
COc1ccc(C=C2CCC(=Cc3ccc(OC)cc3OC)C2=O)c(OC)c1,reactant,valid,True,apply_fixes|fix_building_blocks|fix_step,validate_route|fix_building_blocks|fix_step|apply_fixes,True,1,283.9,,"{""reactions"": [{""reaction_number"": 1, ""reaction_template"": ""Br-[CH2;D2;+0:1]-[c:2].O=[C;H0;D3;+0:3](-[C:4])-[C:5](=[O;D1;H0:6])-[C:7]=[C:8]>>[C:8]=[C:7]-[C:5](=[O;D1;H0:6])-[C;H0;D3;+0:3](=[CH;D2;+0:1]-[c:2])-[C:4]"", ""reactants"": [""COc1ccc(CBr)c(OC)c1"", ""COc1ccc(C=C2CCC(=O)C2=O)c(OC)c1""], ""product"": ""COc1ccc(C=C2CCC(=Cc3ccc(OC)cc3OC)C2=O)c(OC)c1""}], ""building_blocks"": [""COc1ccc(CBr)c(OC)c1"", ""COc1ccc(C=C2CCC(=O)C2=O)c(OC)c1""]}"
Cc1c(CC(=O)O)c(-c2ccccc2)nn1Cc1ccccc1C(=O)c1ccccc1,reactant,other,False,apply_fixes|fix_building_blocks|fix_step,validate_route|fix_building_blocks|fix_step|apply_fixes,True,1,294.8,,"{""reactions"": [{""reaction_number"": 1, ""reaction_template"": ""[NH2,NH3+:3]-[N$([NH](N)([CX4])):2].[C$([CH](C)(C)([CX4])),C$([CH2](C)(C)):6](-[C$(C(=O)(C)([CX4]),C$([CH](=O)(C)):5)]=[O:9])-[C$(C(=O)(C)([CX4])),C$([CH](=O)(C)):7]=[O:10]>>[c:7]1[n:3][n:2][c:5][c:6]1"", ""reactants"": [""NNCc1ccccc1C(=O)c1ccccc1"", ""CC(=O)C(CC(=O)c1ccccc1)C(=O)c1ccccc1""], ""product"": ""Cc1c(CC(=O)O)c(-c2ccccc2)nn1Cc1ccccc1C(=O)c1ccccc1""}], ""building_blocks"": [""NNCc1ccccc1C(=O)c1ccccc1"", ""CC(=O)C(CC(=O)c1ccccc1)C(=O)c1ccccc1""]}"
CC(=O)CC(c1nc2ccccc2c(=O)n1C1CC2(OC1=O)c1ccccc1N1C(=O)C(C)(C)NC12)C(C)C,reaction,reaction,False,apply_fixes|fix_building_blocks|fix_step,validate_route|fix_building_blocks|fix_step|apply_fixes,True,1,454.7,,"{""reactions"": [{""reaction_number"": 1, ""reaction_template"": ""[c:1](-[C;$(C-c1ccccc1):2](=[OD1:3])-[OH1]):[c:4](-[NH2:5]).[N;!H0;!$(N-N);!$(N-C=N);!$(N(-C=O)-C=O):6]-[C;H1,$(C-[#6]):7]=[OD1]>>[c:4]2:[c:1]-[C:2](=[O:3])-[N:6]-[C:7]=[N:5]-2"", ""reactants"": [""CC(=O)CC(C(=O)NC1CC2(OC1=O)c1ccccc1N1C(=O)C(C)(C)NC12)C(C)C"", ""Nc1ccccc1C(=O)O""], ""product"": ""CC(=O)CC(c1nc2ccccc2c(=O)n1C1CC2(OC1=O)c1ccccc1N1C(=O)C(C)(C)NC12)C(C)C""}, {""reaction_number"": 2, ""reaction_template"": ""C-[C;H0;D4;+0:1]1(-[CH3;D1;+0:2])-N-C2-[C;H0;D3;+0:3](=[O;D1;H0:4])-[O;H0;D2;+0:5]-[C;H0;D4;+0:6]3(-[CH2;D2;+0:7]-[CH;D3;+0:8](-[NH2;D1;+0:9])-[C:10](=[O;D1;H0:11])-[#7:12]-3-[c:13](:[cH;D2;+0:14]:[c:15]):[c;H0;D3;+0:16]-2:[c:17])-[CH2;D2;+0:18]-1.O-[C;H0;D3;+0:19](-[C:20])=[O;D1;H0:21]>>[C:20]-[C;H0;D3;+0:19](=[O;D1;H0:21])-[N;H1;D2;+0]-[CH;D3;+0:2]1-[CH2;D2;+0:1]-[C;H0;D4;+0:18]2(-[O;H0;D2;+0:5]-[C;H0;D3;+0:3]-1=[O;D1;H0:4])-[CH;D3;+0:6]1-[NH;D2;+0:9]-[C;H0;D4;+0:8](-[C;H3;D1;+0])(-[CH3;D1;+0:7])-[C:10](=[O;D1;H0:11])-[#7:12]-1-[c:13](:[cH;D2;+0:16]:[c:17]):[c;H0;D3;+0:14]-2:[c:15]"", ""reactants"": [""CC1(C)NC2c3ccccc3N3C(=O)C(N)CC3(OC2=O)C1"", ""CC(=O)CC(C(=O)O)C(C)C""], ""product"": ""CC(=O)CC(C(=O)NC1CC2(OC1=O)c1ccccc1N1C(=O)C(C)(C)NC12)C(C)C""}], ""building_blocks"": [""Nc1ccccc1C(=O)O"", ""CC1(C)NC2c3ccccc3N3C(=O)C(N)CC3(OC2=O)C1"", ""CC(=O)CC(C(=O)O)C(C)C""]}"
N=C(N)c1cccc(CO)c1,product,no_apply_fixes,False,,validate_route|validate_route,False,3,393.4,,
CCC1CN2CCc3cc(O)c(OC)cc3C2CC1CC1NCCc2c1[nH]c1ccc(O)cc21,reaction,reactant,False,apply_fixes|fix_building_blocks|fix_step,validate_route|fix_building_blocks|fix_step|apply_fixes,True,1,362.7,,"{""reactions"": [{""reaction_number"": 1, ""reaction_template"": ""[NH3+,NH2]-[C$(C(N)(C)(C)(C)),C$([CH](N)(C)(C)),C$([CH2](N)(C)):8]-[C$(C(c)(C)(C)(C)(C)),C$([CH](c)(C)(C)),C$([CH2](c)(C)):7]-[c:6]1[c:1][cH:5]1.[CH:10](-[CX4:12])=[O:11]>>[c,C:12]-[CH:10]-1-[N]-[C:8]-[C:7]-[c:6]2[c:1][c:2][nH:3][c:5]-12"", ""reactants"": [""CCC1CN2CCc3cc(OC)c(O)cc3C2CC1CC=O"", ""NCCc1c[nH]c2ccc(O)cc12""], ""product"": ""CCC1CN2CCc3cc(O)c(OC)cc3C2CC1CC1NCCc2c1[nH]c1ccc(O)cc21""}], ""building_blocks"": [""CCC1CN2CCc3cc(OC)c(O)cc3C2CC1CC=O"", ""NCCc1c[nH]c2ccc(O)cc12""]}"
Cc1ccnc2nc(N)ccc12,reactant,reactant,False,apply_fixes|fix_building_blocks|fix_step,validate_route|validate_route|fix_building_blocks|fix_step|apply_fixes,True,1,359.3,,"{""reactions"": [{""reaction_number"": 1, ""reaction_template"": ""[OH:2]-[$([CX4]),c:1]>>[Br:3][C,c:1]"", ""reactants"": [""Cc1ccnc2nc(N)ccc12""], ""product"": ""Cc1ccnc2nc(N)ccc12""}], ""building_blocks"": []}"
COc1ccccc1C1CN2CCCC2c2ccccc21,reaction,reaction,False,apply_fixes|fix_building_blocks|fix_step,validate_route|fix_building_blocks|fix_step|apply_fixes,True,2,287.1,,"{""reactions"": [{""reaction_number"": 1, ""reaction_template"": ""[Br:1][c$(c(Br)),n$(n(Br)),o$(o(Br)),C$([CH](Br)(=C)):2].[C$(C(B)([CX4])([CX4])([CX4])),C$([CH](B)([CX4])([CX4])),C$([CH2](B)([CX4])),C$([CH2](B)),C$(C(B)(=C)),c$(c(B)),o$(o(B)),n$(n(B)):3][B$(B([C,c,n,o])([OH,$(OC)])([OH,$(OC)])),B$([B-1]([C,c,n,o])(N)([OH,$(OC)])([OH,$(OC)])):4]>>[C,c,n,o:2][C,c,n,o:3]"", ""reactants"": [""COc1ccccc1B(O)O"", ""Brc1ccccc1C1CN2CCCC2c2ccccc21""], ""product"": ""COc1ccccc1C1CN2CCCC2c2ccccc21""}], ""building_blocks"": [""COc1ccccc1B(O)O"", ""Brc1ccccc1C1CN2CCCC2c2ccccc21""]}"
CC(=O)N1CCCn2nc(CS(=O)(=O)c3ccccc3)cc21,smiles,exception,False,,,,,294.3,ValueError: ChemicalParserException: Number of reactants provided does not match number of reactant templates.,
O=C(NC(CO)CCO)c1ccccc1,product,product,False,apply_fixes|fix_building_blocks,validate_route|validate_route|fix_building_blocks|apply_fixes,True,3,541.0,,"{""reactions"": [{""reaction_number"": 1, ""reaction_template"": ""[OH:2]-[$([CX4]),c:1]>>[Br:3][C,c:1]"", ""reactants"": [""O=C(NC(CO)CCO)c1ccccc1""], ""product"": ""O=C(NC(CO)CCO)c1ccccc1""}], ""building_blocks"": []}"
CC1CCC2C(C)(C)CCCC23Oc2ccc(OC(=S)N(C)C)cc2CC13C,reactant,exception,False,,,,,328.9,UnexpectedModelBehavior: Exceeded maximum output retries (1),
CC(=NNc1nc2ccccc2o1)c1cc(C)ncn1,reactant,reaction,False,apply_fixes|fix_building_blocks|fix_step,validate_route|fix_building_blocks|fix_step|apply_fixes,True,1,303.7,,"{""reactions"": [{""reaction_number"": 1, ""reaction_template"": ""O-[C;H0;D3;+0:1](=O)-[#7:2]-[#7:3].[NH2;D1;+0:4]-[c:5]:[c:6]-[OH;D1;+0:7]>>[#7:3]-[#7:2]-[c;H0;D3;+0:1]1:[n;H0;D2;+0:4]:[c:5]:[c:6]:[o;H0;D2;+0:7]:1"", ""reactants"": [""Nc1ccccc1O"", ""CC(=NNC(=O)O)c1cc(C)ncn1""], ""product"": ""CC(=NNc1nc2ccccc2o1)c1cc(C)ncn1""}], ""building_blocks"": [""Nc1ccccc1O"", ""CC(=NNC(=O)O)c1cc(C)ncn1""]}"
O=c1oc2ccc3c(c2c2c(Cl)cccc12)OCO3,product,valid,True,apply_fixes|fix_building_blocks|fix_step,validate_route|fix_building_blocks|fix_step|apply_fixes,True,1,295.6,,"{""reactions"": [{""reaction_number"": 1, ""reaction_template"": ""O-c1:[cH;D2;+0:1]:[c:2]:[c:3](:[c;H0;D3;+0:4](:c:1)-[#8:5])-[#8:6].O=[CH;D2;+0:7]-[CH;D3;+0:8](-[C;H0;D3;+0:9](=[O;D1;H0:10])-[O;H0;D2;+0:11]-[CH2;D2;+0:12]-[CH3;D1;+0:13])-[CH;D3;+0:14]1-[CH2;D2;+0:15]-[CH2;D2;+0:16]-1>>[#8:6]-[c:3]1:[c:2]:[cH;D2;+0:1]:[c;H0;D3;+0:12]2:[o;H0;D2;+0:11]:[c;H0;D3;+0:9](=[O;D1;H0:10]):[c;H0;D3;+0:8]3:[cH;D2;+0:14]:[cH;D2;+0:16]:[cH;D2;+0:15]:[c;H0;D3;+0](-[Cl;H0;D1;+0]):[c;H0;D3;+0:7]:3:[c;H0;D3;+0:13]:2:[c;H0;D3;+0:4]:1-[#8:5]"", ""reactants"": [""Oc1ccc2c(c1)OCO2"", ""CCOC(=O)C(C=O)C1CC1""], ""product"": ""O=c1oc2ccc3c(c2c2c(Cl)cccc12)OCO3""}], ""building_blocks"": [""Oc1ccc2c(c1)OCO2"", ""CCOC(=O)C(C=O)C1CC1""]}"
COc1ccc(S(=O)(=O)N(CC(C)C)CC(O)CNC(=O)Oc2ccc3[nH]ccc3c2)cc1,reaction,valid,True,apply_fixes|fix_building_blocks|fix_step,validate_route|fix_building_blocks|fix_step|apply_fixes,True,1,292.2,,"{""reactions"": [{""reaction_number"": 1, ""reaction_template"": ""[#7:1]-[C;H0;D3;+0:2](-[O-])=[O;D1;H0:3].[OH;D1;+0:4]-[c:5]>>[#7:1]-[C;H0;D3;+0:2](=[O;D1;H0:3])-[O;H0;D2;+0:4]-[c:5]"", ""reactants"": [""COc1ccc(S(=O)(=O)N(CC(C)C)CC(O)CNC(=O)[O-])cc1"", ""Oc1ccc2[nH]ccc2c1""], ""product"": ""COc1ccc(S(=O)(=O)N(CC(C)C)CC(O)CNC(=O)Oc2ccc3[nH]ccc3c2)cc1""}], ""building_blocks"": [""COc1ccc(S(=O)(=O)N(CC(C)C)CC(O)CNC(=O)[O-])cc1"", ""Oc1ccc2[nH]ccc2c1""]}"
NC1CC(CN2CCC(C(=O)O)CC2)=CCC1c1ccc(Cl)cc1Cl,reactant,reactant,False,apply_fixes|fix_building_blocks|fix_step,validate_route|fix_building_blocks|fix_step|apply_fixes,True,1,297.6,,"{""reactions"": [{""reaction_number"": 1, ""reaction_template"": ""[C$(C(=C)([CX4,OX2,NX3])([CX4,OX2,NX3])),C$([CH](=C)([CX4,OX2,NX3])),C$([CH2](=C)):1]=[C$(C(=C)([CX4,OX2,NX3])([CX4,OX2,NX3])),C$([CH](=C)([CX4,OX2,NX3])),C$([CH2](=C)):2].[C$(C(=C)([CX4,OX2,NX3])([CX4,OX2,NX3])),C$([CH](=C)([CX4,OX2,NX3])),C$([CH2](=C)):3]=[C$([C](=C)(C)([CX4,OX2,NX3])),C$([CH](=C)(C)):4]-[C$([C](=C)(C)([CX4,OX2,NX3])),C$([CH](=C)(C)):5]=[C$(C(=C)([CX4,OX2,NX3])([CX4,OX2,NX3])),C$([CH](=C)([CX4,OX2,NX3])),C$([CH2](=C)):6]>>[C:1]1[C:2][C:3][C:4]=[C:5][C:6]1"", ""reactants"": [""C=CCN1CCC(C(=O)O)CC1"", ""C=CC(=C)C(=C)C""], ""product"": ""NC1CC(CN2CCC(C(=O)O)CC2)=CCC1c1ccc(Cl)cc1Cl""}], ""building_blocks"": [""C=CCN1CCC(C(=O)O)CC1"", ""C=CC(=C)C(=C)C""]}"
Cc1ccc2c(c1)CN(CCc1ccc(Cl)cc1Cl)C(=S)N2,reaction,reaction,False,apply_fixes|fix_building_blocks|fix_step,validate_route|fix_building_blocks|fix_step|apply_fixes,True,1,301.2,,"{""reactions"": [{""reaction_number"": 1, ""reaction_template"": ""S=[C;H0;D2;+0:1]=[N;H0;D2;+0:2]-[C:3].[c:4]:[c;H0;D3;+0:5]1:[c:6]-[CH2;D2;+0:7]-N-C-C-1>>[C:3]-[N;H0;D3;+0:2]1-[CH2;D2;+0:7]-[c:6]:[c;H0;D3;+0:5](:[c:4])-[N;H1;D2;+0]-[C;H0;D3;+0:1]-1=[S;H0;D1;+0]"", ""reactants"": [""Cc1ccc2c(c1)CNCC2"", ""S=C=NCCc1ccc(Cl)cc1Cl""], ""product"": ""Cc1ccc2c(c1)CN(CCc1ccc(Cl)cc1Cl)C(=S)N2""}], ""building_blocks"": [""Cc1ccc2c(c1)CNCC2"", ""S=C=NCCc1ccc(Cl)cc1Cl""]}"
NCC1(CC(=O)O)Cc2ccccc21,reactant,reactant,False,apply_fixes|fix_building_blocks|fix_step,validate_route|validate_route|fix_building_blocks|fix_step|apply_fixes|fix_step|apply_fixes,True,1,410.4,,"{""reactions"": [{""reaction_number"": 1, ""reaction_template"": ""[OH:2]-[$([CX4]),c:1]>>[Br:3][C,c:1]"", ""reactants"": [""NCC1(CC(=O)O)Cc2ccccc21""], ""product"": ""NCC1(CC(=O)O)Cc2ccccc21""}], ""building_blocks"": []}"
O=C(Cn1nc2c3sc(N4CCCC4)nc3ncn2c1=O)Nc1ccccc1Cl,reactant,reactant,False,apply_fixes|fix_building_blocks|fix_step,validate_route|fix_building_blocks|fix_step|apply_fixes,True,1,407.5,,"{""reactions"": [{""reaction_number"": 1, ""reaction_template"": ""[NH2,NH3+:3]-[N$([NH](N)([CX4])):2].[C$([CH](C)(C)([CX4])),C$([CH2](C)(C)):6](-[C$(C(=O)(C)([CX4])),C$([CH](=O)(C)):5]=[O:9])-[C$(C(=O)(C)([CX4])),C$([CH](=O)(C)):7]=[O:10]>>[c:7]1[n:3][n:2][c:5][c:6]1"", ""reactants"": [""O=C1C(=O)C2SC(=O)C1C2=O"", ""NNCC(=O)Nc1ccccc1Cl""], ""product"": ""O=C(Cn1nc2c3sc(N4CCCC4)nc3ncn2c1=O)Nc1ccccc1Cl""}], ""building_blocks"": [""O=C1C(=O)C2SC(=O)C1C2=O"", ""NNCC(=O)Nc1ccccc1Cl""]}"
COc1cccc(CCNc2nc(N)c(C(=O)N=C(N)N)nc2Cl)c1,reactant,reactant,False,apply_fixes|fix_building_blocks|fix_step,validate_route|fix_building_blocks|fix_step|apply_fixes,True,1,299.5,,"{""reactions"": [{""reaction_number"": 1, ""reaction_template"": ""[c;!$(c1ccccc1);$(c1[n,c]c[n,c]c[n,c]1):1][Cl,F].[N;$(NC);!$(N=*);!$([N-]);!$(N#*);!$([ND3]);!$([ND4]);!$(N[c,O]);!$(N[C,S]=[S,O,N]):2]>>[c:1][N:2]"", ""reactants"": [""COc1cccc(CCN)c1"", ""NC(=N)C(=O)Nc1nc(Cl)c(Cl)nc1C(=O)Nc1ccccc1""], ""product"": ""COc1cccc(CCNc2nc(N)c(C(=O)N=C(N)N)nc2Cl)c1""}], ""building_blocks"": [""COc1cccc(CCN)c1"", ""NC(=N)C(=O)Nc1nc(Cl)c(Cl)nc1C(=O)Nc1ccccc1""]}"
CCCc1nn(C)c2c(=O)[nH]c(-c3cc(S(=O)(=O)NCCNc4ccccc4)ccc3OCC)nc12,reactant,reaction,False,apply_fixes|fix_building_blocks|fix_step,validate_route|fix_building_blocks|fix_step|apply_fixes,True,1,294.5,,"{""reactions"": [{""reaction_number"": 1, ""reaction_template"": ""O-[C;H0;D3;+0:1](=[O;D1;H0:2])-[c:3]1:[#7;a:4]:[#7;a:5]:[c:6]:[c:7]:1-[NH2;D1;+0:8].O=[C;H0;D3;+0:9](-[NH2;D1;+0:10])-[c;H0;D3;+0:11](:[c:12]):[c:13]>>[O;D1;H0:2]=[c;H0;D3;+0:1]1:[nH;D2;+0:10]:[c;H0;D3;+0:9](-[c;H0;D3;+0:11](:[c:12]):[c:13]):[n;H0;D2;+0:8]:[c:7]2:[c:6]:[#7;a:5]:[#7;a:4]:[c:3]:2:1"", ""reactants"": [""CCOc1ccc(S(=O)(=O)NCCNc2ccccc2)cc1C(N)=O"", ""CCCc1nn(C)c(C(=O)O)c1N""], ""product"": ""CCCc1nn(C)c2c(=O)[nH]c(-c3cc(S(=O)(=O)NCCNc4ccccc4)ccc3OCC)nc12""}], ""building_blocks"": [""CCOc1ccc(S(=O)(=O)NCCNc2ccccc2)cc1C(N)=O"", ""CCCc1nn(C)c(C(=O)O)c1N""]}"
O=c1oc2c(CN(CCO)CCO)c(O)ccc2cc1-c1nc2ccccc2s1,reactant,reactant,False,apply_fixes|fix_building_blocks|fix_step,validate_route|fix_building_blocks|fix_step|apply_fixes,True,1,328.7,,"{""reactions"": [{""reaction_number"": 1, ""reaction_template"": ""[OH:7]-[c:6]1[cH:1][c:2][c:3][c:4][c:5]1.[O$(O(C)([CX4])):12]-[C:11](=[O:15])-[C$([CH](C)(C)([CX4])),C$([CH2](C)(C)):10]-[C:8]=[O:16]>>[C:8]-1=[C:10]-[C:11](=[O:15])-[O]-[c:6]2[c:5][c:4][c:3][c:2][c:1]-12"", ""reactants"": [""Oc1cccc(O)c1CN(CCO)CCO"", ""CCOC(=O)C(=O)c1nc2ccccc2s1""], ""product"": ""O=c1oc2c(CN(CCO)CCO)c(O)ccc2cc1-c1nc2ccccc2s1""}], ""building_blocks"": [""Oc1cccc(O)c1CN(CCO)CCO"", ""CCOC(=O)C(=O)c1nc2ccccc2s1""]}"
OCc1cc2cc3ccccc3cc2cc1O,reaction,reaction,False,apply_fixes|fix_building_blocks|fix_step,validate_route|validate_route|fix_building_blocks|fix_step|apply_fixes,True,1,404.3,,"{""reactions"": [{""reaction_number"": 1, ""reaction_template"": ""[*;Br,I;$(*c1ccccc1)]-[c:1]:[c:2]-[NH2:3].[CH1:5]#[C;$(C-[#6]):4]>>[c:1]1:[c:2]-[N:3]-[C:4]=[C:5]-1"", ""reactants"": [""C#CCO"", ""Nc1cc2ccccc2cc1Br""], ""product"": ""OCc1cc2cc3ccccc3cc2cc1O""}], ""building_blocks"": [""C#CCO"", ""Nc1cc2ccccc2cc1Br""]}"
COC(=O)c1cc2c([N+](=O)[O-])cccc2n(Cc2ccc(C)cc2)c1=O,reactant,reactant,False,apply_fixes|fix_building_blocks|fix_step,validate_route|fix_building_blocks|fix_step|apply_fixes,True,1,335.8,,"{""reactions"": [{""reaction_number"": 1, ""reaction_template"": ""[c;r6:1](-[C;$(C=O):6]-[OH1]):[c;r6:2]-[C;H1,$(C-C):3]=[OD1].[NH2:4]-[NH1;$(N-[#6]);!$(NC=[O,S,N]):5]>>[c:1]1:[c:2]-[C:3]=[N:4]-[N:5]-[C:6]-1"", ""reactants"": [""Cc1ccc(CNN)cc1"", ""COC(=O)c1cc(C(=O)O)c([N+](=O)[O-])cc1C(=O)O""], ""product"": ""COC(=O)c1cc2c([N+](=O)[O-])cccc2n(Cc2ccc(C)cc2)c1=O""}], ""building_blocks"": [""Cc1ccc(CNN)cc1"", ""COC(=O)c1cc(C(=O)O)c([N+](=O)[O-])cc1C(=O)O""]}"
NC(CCC(=O)O)C(=O)NCC(=O)O,reactant,reactant,False,apply_fixes|fix_building_blocks|fix_step,validate_route|fix_building_blocks|fix_step|apply_fixes,True,1,339.1,,"{""reactions"": [{""reaction_number"": 1, ""reaction_template"": ""[OH:2]-[$([CX4]),c:1]>>[Br:3][C,c:1]"", ""reactants"": [""NC(CCC(=O)O)C(=O)NCC(=O)O""], ""product"": ""NC(CCC(=O)O)C(=O)NCC(=O)O""}], ""building_blocks"": []}"
Cc1ccc2[nH]c(CSc3nnc(-c4cccc(Cl)c4)n3N)nc2c1,reactant,reactant,False,apply_fixes|fix_building_blocks|fix_step,validate_route|fix_building_blocks|fix_step|apply_fixes,True,1,236.8,,"{""reactions"": [{""reaction_number"": 1, ""reaction_template"": ""[C;$(C([#6])[#6;!$([#6]Br)]):4](=[OD1])[CH;$(C([#6])[#6]):5]Br.[#7;H2:3][C;$(C(=N)(N)[c,#7]):2]=[#7;H1;D1:1]>>[C:4]1=[CH0:5][NH:3][C:2]=[N:1]1"", ""reactants"": [""N=C(N)CSc1nnc(-c2cccc(Cl)c2)n1N"", ""CC(=O)C(Br)c1ccc(C)cc1""], ""product"": ""Cc1ccc2[nH]c(CSc3nnc(-c4cccc(Cl)c4)n3N)nc2c1""}], ""building_blocks"": [""N=C(N)CSc1nnc(-c2cccc(Cl)c2)n1N"", ""CC(=O)C(Br)c1ccc(C)cc1""]}"
CC(=O)C1=C(NCc2nc3ccccc3[nH]2)CCCC1=O,product,exception,False,,,,,265.4,ValueError: ChemicalParserException: Number of reactants provided does not match number of reactant templates.,
CCS(=O)(=O)N1CCCC(C(=O)N2CCc3ccccc3C2)C1,reactant,valid,True,apply_fixes|fix_building_blocks|fix_step,validate_route|fix_building_blocks|fix_step|apply_fixes,True,1,453.9,,"{""reactions"": [{""reaction_number"": 1, ""reaction_template"": ""[NX3;!$(N[C,S]=[S,O,N]);$(N[#6]);!$(N[#7]);H1,H2:1].[#6:2][Cl,Br,I]>>[N:1][#6:2]"", ""reactants"": [""c1ccc2c(c1)CCNC2"", ""CCS(=O)(=O)N1CCCC(C(=O)Cl)C1""], ""product"": ""CCS(=O)(=O)N1CCCC(C(=O)N2CCc3ccccc3C2)C1""}, {""reaction_number"": 2, ""reaction_template"": ""[OH,O-:4]-[C$(C(=O)([OH,O-])([CX4])),C$([CH](=O)([OH,O-])):2]=[O:3]>>[Cl:5][C:2]=[O:3]"", ""reactants"": [""CCS(=O)(=O)N1CCCC(C(=O)O)C1""], ""product"": ""CCS(=O)(=O)N1CCCC(C(=O)Cl)C1""}], ""building_blocks"": [""c1ccc2c(c1)CCNC2"", ""CCS(=O)(=O)N1CCCC(C(=O)O)C1""]}"
FC(F)(F)c1ccc(C2NCCc3c2[nH]c2ccccc32)cc1,reactant,valid,True,apply_fixes|fix_building_blocks|fix_step,validate_route|fix_building_blocks|fix_step|apply_fixes,True,1,364.1,,"{""reactions"": [{""reaction_number"": 1, ""reaction_template"": ""[NH3+,NH2:1]-[C$(C(N)(C)(C)(C)),C$([CH](N)(C)(C)),C$([CH2](N)(C)):2]-[C$(C(c)(C)(C)(C)),C$([CH](c)(C)(C)),C$([CH2](c)(C)):3]-[c:4][cH1:5].[CH:6](-[#6:7])=[O]>>[#6:7]-[CH:6]1[N:1][C:2][C:3][c:4][c:5]1"", ""reactants"": [""NCCc1c[nH]c2ccccc12"", ""O=Cc1ccc(C(F)(F)F)cc1""], ""product"": ""FC(F)(F)c1ccc(C2NCCc3c2[nH]c2ccccc32)cc1""}], ""building_blocks"": [""NCCc1c[nH]c2ccccc12"", ""O=Cc1ccc(C(F)(F)F)cc1""]}"
NS(=O)(=O)c1ccc(Nc2nc3ncnc(Nc4ccc(F)c(Cl)c4)c3s2)cc1,reaction,valid,True,apply_fixes|fix_building_blocks|fix_step,validate_route|fix_building_blocks|fix_step|apply_fixes,True,1,339.8,,"{""reactions"": [{""reaction_number"": 1, ""reaction_template"": ""[NX3;!$(N[C,S]=[S,O,N]);$(N[#6]);!$(N[#7]);H1,H2:1].[#6:2][Cl,Br,I]>>[N:1][#6:2]"", ""reactants"": [""Nc1nc2ncnc(Nc3ccc(F)c(Cl)c3)c2s1"", ""NS(=O)(=O)c1ccc(Br)cc1""], ""product"": ""NS(=O)(=O)c1ccc(Nc2nc3ncnc(Nc4ccc(F)c(Cl)c4)c3s2)cc1""}], ""building_blocks"": [""Nc1nc2ncnc(Nc3ccc(F)c(Cl)c3)c2s1"", ""NS(=O)(=O)c1ccc(Br)cc1""]}"
CCOC(=O)C1(Cc2cccc(F)c2)NC(=O)c2cnc3c(-c4ccc(C(F)(F)F)cc4)cnn3c21,reaction,exception,False,,,,,296.9,ValueError: ChemicalParserException: Number of reactants provided does not match number of reactant templates.,
CCOC(=O)C(=Cc1ccccc1)NC(=O)c1ccco1,reactant,reactant,False,apply_fixes|fix_building_blocks|fix_step,validate_route|fix_building_blocks|fix_step|apply_fixes,True,1,370.8,,"{""reactions"": [{""reaction_number"": 1, ""reaction_template"": ""[OH:2]-[$([CX4]),c:1]>>[Br:3][C,c:1]"", ""reactants"": [""CCOC(=O)C(=Cc1ccccc1)NC(=O)c1ccco1""], ""product"": ""CCOC(=O)C(=Cc1ccccc1)NC(=O)c1ccco1""}], ""building_blocks"": []}"
Cc1ccc2c(c1)N(C(=O)N1CCC(C(=O)NCc3cccc(Br)c3)CC1)CCO2,reaction,reaction,False,apply_fixes|fix_building_blocks|fix_step,validate_route|fix_building_blocks|fix_step|apply_fixes,True,1,287.1,,"{""reactions"": [{""reaction_number"": 1, ""reaction_template"": ""C-[c;H0;D3;+0:1]1:[c:2]:[cH;D2;+0:3]:[c:4]2:[c;H0;D3;+0:5](:[cH;D2;+0:6]:1)-N=[C;H0;D3;+0:7](-[OH;D1;+0:8])-[C:9]-[NH;D2;+0:10]-2.[C:11]-[NH;D2;+0:12]-[C:13]>>[C:11]-[N;H0;D3;+0:12](-[C;H0;D3;+0](=[O;H0;D1;+0])-[N;H0;D3;+0:10]1-[C:9]-[CH2;D2;+0:7]-[O;H0;D2;+0:8]-[c;H0;D3;+0:3]2:[c:2]:[cH;D2;+0:1]:[c;H0;D3;+0:6](-[C;H3;D1;+0]):[cH;D2;+0:5]:[c:4]:2-1)-[C:13]"", ""reactants"": [""O=C(NCc1cccc(Br)c1)C1CCNCC1"", ""Cc1ccc2c(c1)N=C(O)CN2""], ""product"": ""Cc1ccc2c(c1)N(C(=O)N1CCC(C(=O)NCc3cccc(Br)c3)CC1)CCO2""}], ""building_blocks"": [""O=C(NCc1cccc(Br)c1)C1CCNCC1"", ""Cc1ccc2c(c1)N=C(O)CN2""]}"
Cc1ccc(S(=O)(=O)NC(Cc2ccc(C3CC(=O)NS3(=O)=O)cc2)c2nc3ccccc3[nH]2)cc1,reactant,reaction,False,apply_fixes|fix_building_blocks|fix_step,validate_route|fix_building_blocks|fix_step|apply_fixes,True,1,268.6,,"{""reactions"": [{""reaction_number"": 1, ""reaction_template"": ""Br-[CH;D3;+0:1]1-[#16:2]-[#7:3]-[C:4](=[O;D1;H0:5])-[C:6]-1.Br-[c;H0;D3;+0:7](:[c:8]):[c:9]>>[O;D1;H0:5]=[C:4]1-[#7:3]-[#16:2]-[CH;D3;+0:1](-[c;H0;D3;+0:7](:[c:8]):[c:9])-[C:6]-1"", ""reactants"": [""Cc1ccc(S(=O)(=O)NC(Cc2ccc(Br)cc2)c2nc3ccccc3[nH]2)cc1"", ""O=C1CC(Br)S(=O)(=O)N1""], ""product"": ""Cc1ccc(S(=O)(=O)NC(Cc2ccc(C3CC(=O)NS3(=O)=O)cc2)c2nc3ccccc3[nH]2)cc1""}], ""building_blocks"": [""Cc1ccc(S(=O)(=O)NC(Cc2ccc(Br)cc2)c2nc3ccccc3[nH]2)cc1"", ""O=C1CC(Br)S(=O)(=O)N1""]}"
COC(=O)c1ccc(C2CCCCN2)n1C,reactant,valid,True,apply_fixes|fix_building_blocks|fix_step,validate_route|fix_building_blocks|fix_step|apply_fixes,True,1,321.2,,"{""reactions"": [{""reaction_number"": 1, ""reaction_template"": ""Br-[c;H0;D3;+0:1](:[#7;a:2]):[c:3].C-C1(-C)-O-B(-[CH;D3;+0:4](-[C:5])-[#7:6]-[CH2;D2;+0:7]-[C:8])-O-C-1(-C)-C>>[#7;a:2]:[c;H0;D3;+0:1](-[CH;D3;+0:7](-[C:8])-[#7:6]-[CH2;D2;+0:4]-[C:5]):[c:3]"", ""reactants"": [""COC(=O)c1ccc(Br)n1C"", ""CC1(C)OB(C2CCCCN2)OC1(C)C""], ""product"": ""COC(=O)c1ccc(C2CCCCN2)n1C""}], ""building_blocks"": [""COC(=O)c1ccc(Br)n1C"", ""CC1(C)OB(C2CCCCN2)OC1(C)C""]}"
CC(=O)Nc1noc2nc(C)cc(C)c12,reactant,valid,True,apply_fixes|fix_building_blocks|fix_step,validate_route|fix_building_blocks|fix_step|apply_fixes,True,1,302.0,,"{""reactions"": [{""reaction_number"": 1, ""reaction_template"": ""C-C(=O)-N-c1:n:o:c2:[n;H0;D2;+0:1]:[c:2]:[c:3]:[c;H0;D3;+0:4](-[C;D1;H3:5]):c:1:2.[CH3;D1;+0:6]-[C;H0;D3;+0:7](=[O;H0;D1;+0:8])-[OH;D1;+0:9]>>[C;D1;H3:5]-[c;H0;D3;+0:4]1:[c:3]:[c:2]:[n;H0;D2;+0:1]:[c;H0;D3;+0:7]2:[o;H0;D2;+0:9]:[n;H0;D2;+0]:[c;H0;D3;+0](-[N;H1;D2;+0]-[C;H0;D3;+0](-[C;H3;D1;+0])=[O;H0;D1;+0:8]):[c;H0;D3;+0:6]:2:1"", ""reactants"": [""Cc1cc(C)c2c(NC(C)=O)noc2n1"", ""CC(=O)O""], ""product"": ""CC(=O)Nc1noc2nc(C)cc(C)c12""}], ""building_blocks"": [""Cc1cc(C)c2c(NC(C)=O)noc2n1"", ""CC(=O)O""]}"
CC(=O)NC(C(=O)NC(Cc1c[nH]cn1)C(=O)NC(C)C(=O)NCC(=O)N1CCCC1C(=O)NC(C(=O)NC(C)C(N)=O)C(C)C)C(C)C,reaction,reaction,False,apply_fixes|fix_building_blocks,validate_route|fix_building_blocks|apply_fixes,True,2,495.8,,"{""reactions"": [{""reaction_number"": 1, ""reaction_template"": ""[Cl,OH,O-:3][C$(C(=O)([CX4,c])),C$([CH](=O)):2]=[O:4].[N$([NH2,NH3+1]([CX4,c])),N$([NH]([CX4,c])([CX4,c])):6]>>[N+0:6]-[C:2]=[O:4]"", ""reactants"": [""CC(NC(=O)C1CCCN1)C(=O)NCC(=O)N1CCCC1C(=O)NC(C(=O)NC(C)C(N)=O)C(C)C"", ""CC(=O)NC(C(=O)NC(Cc1c[nH]cn1)C(=O)O)C(C)C""], ""product"": ""CC(=O)NC(C(=O)NC(Cc1c[nH]cn1)C(=O)NC(C)C(=O)NCC(=O)N1CCCC1C(=O)NC(C(=O)NC(C)C(N)=O)C(C)C)C(C)C""}], ""building_blocks"": [""CC(NC(=O)C1CCCN1)C(=O)NCC(=O)N1CCCC1C(=O)NC(C(=O)NC(C)C(N)=O)C(C)C"", ""CC(=O)NC(C(=O)NC(Cc1c[nH]cn1)C(=O)O)C(C)C""]}"
COCCOc1nc(-c2cccc(F)c2)n(-c2ccc(NC(=O)CCl)cc2)n1,reactant,reaction,False,apply_fixes|fix_building_blocks|fix_step,validate_route|fix_building_blocks|fix_step|apply_fixes,True,1,354.1,,"{""reactions"": [{""reaction_number"": 1, ""reaction_template"": ""C-C1(-C)-O-B(-[c;H0;D3;+0:1](:[c:2]):[c:3])-O-C-1(-C)-C.[#7;a:4]:[nH;D2;+0:5]:[c:6]:[#7;a:7]>>[#7;a:4]:[n;H0;D3;+0:5](-[c;H0;D3;+0:1](:[c:2]):[c:3]):[c:6]:[#7;a:7]"", ""reactants"": [""COCCOc1nc(-c2cccc(F)c2)[nH]n1"", ""CC1(C)OB(c2ccc(NC(=O)CCl)cc2)OC1(C)C""], ""product"": ""COCCOc1nc(-c2cccc(F)c2)n(-c2ccc(NC(=O)CCl)cc2)n1""}], ""building_blocks"": [""COCCOc1nc(-c2cccc(F)c2)[nH]n1"", ""CC1(C)OB(c2ccc(NC(=O)CCl)cc2)OC1(C)C""]}"
CCN(CC)c1ccc(C=NNC(=O)c2ccc(Nc3nc(-c4ccccc4)cs3)cc2)c(O)c1,reactant,reaction,False,apply_fixes|fix_building_blocks|fix_step,validate_route|fix_building_blocks|fix_step|apply_fixes,True,1,405.6,,"{""reactions"": [{""reaction_number"": 1, ""reaction_template"": ""[NX3;!$(N[C,S]=[S,O,N]);$(N[#6]);!$(N[#7]);H1,H2:1].[#6:2][Cl,Br,I]>>[N:1][#6:2]"", ""reactants"": [""CCN(CC)c1ccc(C=NNC(=O)c2ccc(Cl)cc2)c(O)c1"", ""Nc1nc(-c2ccccc2)cs1""], ""product"": ""CCN(CC)c1ccc(C=NNC(=O)c2ccc(Nc3nc(-c4ccccc4)cs3)cc2)c(O)c1""}], ""building_blocks"": [""CCN(CC)c1ccc(C=NNC(=O)c2ccc(Cl)cc2)c(O)c1"", ""Nc1nc(-c2ccccc2)cs1""]}"
CCC(CC)OC1C=C(C(=O)O)CC(N(CC(C)C)C(=N)N)C1NC(C)=O,reactant,reaction,False,apply_fixes|fix_building_blocks|fix_step,validate_route|fix_building_blocks|fix_step|apply_fixes,True,1,294.2,,"{""reactions"": [{""reaction_number"": 1, ""reaction_template"": ""O=[C;H0;D3;+0:1](-[C:2])-[C:3]-[C:4]=[C:5].[C:6]-[NH;D2;+0:7]-[C:8]=[N;D1;H1:9]>>[C:5]=[C:4]-[C:3]-[CH;D3;+0:1](-[N;H0;D3;+0:7](-[C:6])-[C:8]=[N;D1;H1:9])-[C:2]"", ""reactants"": [""CC(C)CNC(=N)N"", ""CCC(CC)OC1C=C(C(=O)O)CC(=O)C1NC(C)=O""], ""product"": ""CCC(CC)OC1C=C(C(=O)O)CC(N(CC(C)C)C(=N)N)C1NC(C)=O""}], ""building_blocks"": [""CC(C)CNC(=N)N"", ""CCC(CC)OC1C=C(C(=O)O)CC(=O)C1NC(C)=O""]}"
Cc1ccc(CN2C(=O)C3CSC4(C(=O)Nc5ccccc54)N3C2=O)cc1,smiles,exception,False,,,,,132.3,UnexpectedModelBehavior: Tool 'validate_route' exceeded max retries count of 1,
C#Cc1cccc(OC2=C(Oc3cccc(C#C)c3)C(=O)c3ncccc3C2=O)c1,reactant,reactant,False,apply_fixes|fix_building_blocks|fix_step,validate_route|fix_building_blocks|fix_step|apply_fixes,True,1,284.2,,"{""reactions"": [{""reaction_number"": 1, ""reaction_template"": ""[C;H1&$(C([#6])[#6]),H2&$(C[#6]):1][OH1].[OH1;$(Oc1ccccc1):2]>>[C:1][O:2]"", ""reactants"": [""C#Cc1cccc(O)c1"", ""C#Cc1cccc(OC2=C(O)C(=O)c3ncccc3C2=O)c1""], ""product"": ""C#Cc1cccc(OC2=C(Oc3cccc(C#C)c3)C(=O)c3ncccc3C2=O)c1""}], ""building_blocks"": [""C#Cc1cccc(O)c1"", ""C#Cc1cccc(OC2=C(O)C(=O)c3ncccc3C2=O)c1""]}"
Nc1nc(-c2ccccc2)cc2c1nnn2C1OC(COS(=O)(=O)NC(=O)c2ccccc2O)C(O)C1O,reactant,reaction,False,apply_fixes|fix_building_blocks|fix_step,validate_route|fix_building_blocks|fix_step|fix_step|apply_fixes,True,1,322.3,,"{""reactions"": [{""reaction_number"": 1, ""reaction_template"": ""Cl-[S;H0;D4;+0:1](=[O;D1;H0:2])(=[O;D1;H0:3])-[#7:4]-[C:5]=[O;D1;H0:6].[C:7]-[OH;D1;+0:8]>>[C:7]-[O;H0;D2;+0:8]-[S;H0;D4;+0:1](=[O;D1;H0:2])(=[O;D1;H0:3])-[#7:4]-[C:5]=[O;D1;H0:6]"", ""reactants"": [""Nc1nc(-c2ccccc2)cc2c1nnn2C1OC(CO)C(O)C1O"", ""O=C(NS(=O)(=O)Cl)c1ccccc1O""], ""product"": ""Nc1nc(-c2ccccc2)cc2c1nnn2C1OC(COS(=O)(=O)NC(=O)c2ccccc2O)C(O)C1O""}, {""reaction_number"": 2, ""reaction_template"": ""O-[CH;D3;+0:1](-[#8:2])-[C:3].[#7;a:4]:[c:5]:[c:6]1:[c:7]:[n;H0;D2;+0:8]:[#7;a:9]:[nH;D2;+0:10]:1>>[#7;a:4]:[c:5]:[c:6]1:[c:7]:[n;H0;D3;+0:8](-[CH;D3;+0:1](-[#8:2])-[C:3]):[#7;a:9]:[n;H0;D2;+0:10]:1"", ""reactants"": [""OCC1OC(O)C(O)C1O"", ""Nc1nc(-c2ccccc2)cc2nn[nH]c12""], ""product"": ""Nc1nc(-c2ccccc2)cc2c1nnn2C1OC(CO)C(O)C1O""}], ""building_blocks"": [""O=C(NS(=O)(=O)Cl)c1ccccc1O"", ""OCC1OC(O)C(O)C1O"", ""Nc1nc(-c2ccccc2)cc2nn[nH]c12""]}"
COc1ccc(Cl)cc1-c1n[nH]c(SCC(=O)NC(C)C(C)C)n1,reactant,reaction,False,apply_fixes|fix_building_blocks|fix_step,validate_route|fix_building_blocks|fix_step|apply_fixes,True,1,294.1,,"{""reactions"": [{""reaction_number"": 1, ""reaction_template"": ""O=[C;H0;D3;+0:1](-[#16:2])-[NH;D2;+0:3]-[NH2;D1;+0:4].[N;H0;D1;+0:5]#[C;H0;D2;+0:6]-[c;H0;D3;+0:7](:[c:8]):[c:9]>>[#16:2]-[c;H0;D3;+0:1]1:[n;H0;D2;+0:5]:[c;H0;D3;+0:6](-[c;H0;D3;+0:7](:[c:8]):[c:9]):[n;H0;D2;+0:4]:[nH;D2;+0:3]:1"", ""reactants"": [""COc1ccc(Cl)cc1C#N"", ""CC(C)C(C)NC(=O)CSC(=O)NN""], ""product"": ""COc1ccc(Cl)cc1-c1n[nH]c(SCC(=O)NC(C)C(C)C)n1""}], ""building_blocks"": [""COc1ccc(Cl)cc1C#N"", ""CC(C)C(C)NC(=O)CSC(=O)NN""]}"
CCN(CC)CCCN=C(C)Nc1c2ccc(Cl)cc2nc2ccc(OC)nc12,reactant,valid,True,apply_fixes|fix_building_blocks|fix_step,validate_route|fix_building_blocks|fix_step|apply_fixes,True,1,255.9,,"{""reactions"": [{""reaction_number"": 1, ""reaction_template"": ""[c:1]Cl.[NH2:2]>>[c:1][N:2]"", ""reactants"": [""COc1ccc2nc3cc(Cl)ccc3c(Cl)c2n1"", ""CCN(CC)CCCN=C(C)N""], ""product"": ""CCN(CC)CCCN=C(C)Nc1c2ccc(Cl)cc2nc2ccc(OC)nc12""}], ""building_blocks"": [""COc1ccc2nc3cc(Cl)ccc3c(Cl)c2n1"", ""CCN(CC)CCCN=C(C)N""]}"
CC(C)Oc1cccc2c1CC(=Cc1ccncc1)C2=O,reactant,reaction,False,apply_fixes|fix_building_blocks|fix_step,validate_route|fix_building_blocks|fix_step|apply_fixes,True,1,349.4,,"{""reactions"": [{""reaction_number"": 1, ""reaction_template"": ""Br-[CH2;D2;+0:1]-[c:2].O=[C;H0;D3;+0:3](-[C:4])-[C:5]=[O;D1;H0:6]>>[C:4]-[C;H0;D3;+0:3](=[CH;D2;+0:1]-[c:2])-[C:5]=[O;D1;H0:6]"", ""reactants"": [""CC(C)Oc1cccc2c1CC(=O)C2=O"", ""BrCc1ccncc1""], ""product"": ""CC(C)Oc1cccc2c1CC(=Cc1ccncc1)C2=O""}], ""building_blocks"": [""CC(C)Oc1cccc2c1CC(=O)C2=O"", ""BrCc1ccncc1""]}"
COc1ccc2cc(C(=O)C3CN=C4C=C(C)C=CN4C3)ccc2c1,product,product,False,apply_fixes|fix_building_blocks,validate_products|validate_route|fix_building_blocks|apply_fixes,True,2,397.7,,"{""reactions"": [{""reaction_number"": 1, ""reaction_template"": ""[#6:1][C:2]#[#7;D1].[Cl,Br,I][#6;$([#6]~[#6]);!$([#6]([Cl,Br,I])[Cl,Br,I]);!$([#6]=O):3]>>[#6:1][C:2](=O)[#6:3]"", ""reactants"": [""COc1ccc2cc(C#N)ccc2c1"", ""CC1=CC=CN2CC(Br)CN=C12""], ""product"": ""COc1ccc2cc(C(=O)C3CN=C4C=C(C)C=CN4C3)ccc2c1""}, {""reaction_number"": 2, ""reaction_template"": ""[OH:2]-[$([CX4]),c:1]>>[Br:3][C,c:1]"", ""reactants"": [""CC1=CC=CN2CC(O)CN=C12""], ""product"": ""CC1=CC=CN2CC(Br)CN=C12""}], ""building_blocks"": [""COc1ccc2cc(C#N)ccc2c1"", ""CC1=CC=CN2CC(O)CN=C12""]}"
CCc1ccc(C(F)(F)F)cc1-c1[nH]c(-c2ccnc(N)n2)cc1C(N)=O,reactant,valid,True,apply_fixes|fix_building_blocks|fix_step,validate_route|fix_building_blocks|fix_step|apply_fixes,True,1,358.9,,"{""reactions"": [{""reaction_number"": 1, ""reaction_template"": ""Br-[CH;D3;+0:1](-[C:2](-[N;D1;H2:3])=[O;D1;H0:4])-[C;H0;D3;+0:5](=O)-[c;H0;D3;+0:6](:[c:7]):[c:8].O=C(-[NH2;D1;+0:9])-c1:[cH;D2;+0:10]:[c:11](-[c;H0;D3;+0:12]2:[c:13]:[c:14]:[#7;a:15]:[c;H0;D3;+0:16](-[NH2;D1;+0:17]):c:2):[n;H0;D2;+0:18]:[nH]:1>>[N;D1;H2:3]-[C:2](=[O;D1;H0:4])-[c;H0;D3;+0:1]1:[cH;D2;+0:10]:[c:11](-[c;H0;D3;+0:12]2:[c:13]:[c:14]:[#7;a:15]:[c;H0;D3;+0:16](-[NH2;D1;+0:9]):[n;H0;D2;+0:17]:2):[nH;D2;+0:18]:[c;H0;D3;+0:5]:1-[c;H0;D3;+0:6](:[c:7]):[c:8]"", ""reactants"": [""CCc1ccc(C(F)(F)F)cc1C(=O)C(Br)C(N)=O"", ""Nc1cc(-c2cc(C(N)=O)[nH]n2)ccn1""], ""product"": ""CCc1ccc(C(F)(F)F)cc1-c1[nH]c(-c2ccnc(N)n2)cc1C(N)=O""}, {""reaction_number"": 2, ""reaction_template"": ""[#6:1][C:2]#[#7;D1].[Cl,Br,I][#6;$([#6]~[#6]);!$([#6]([Cl,Br,I])[Cl,Br,I]);!$([#6]=O):3]>>[#6:1][C:2](=O)[#6:3]"", ""reactants"": [""N#CC(Br)C(N)=O"", ""CCc1ccc(C(F)(F)F)cc1Br""], ""product"": ""CCc1ccc(C(F)(F)F)cc1C(=O)C(Br)C(N)=O""}], ""building_blocks"": [""Nc1cc(-c2cc(C(N)=O)[nH]n2)ccn1"", ""N#CC(Br)C(N)=O"", ""CCc1ccc(C(F)(F)F)cc1Br""]}"
C#CCOc1ccc(CCNC(=O)C(COc2ccc(Cl)cc2)OCC#C)cc1OC,reactant,valid,True,apply_fixes|fix_building_blocks|fix_step,validate_route|fix_building_blocks|fix_step|apply_fixes,True,1,380.2,,"{""reactions"": [{""reaction_number"": 1, ""reaction_template"": ""Cl-c1:c:c:c(-O-[CH2;D2;+0:1]-[C:2]#[C;D1;H1:3]):c:c:1.[#7:4]-[C:5](=[O;D1;H0:6])-[C:7]-[OH;D1;+0:8]>>[#7:4]-[C:5](=[O;D1;H0:6])-[C:7]-[O;H0;D2;+0:8]-[CH2;D2;+0:1]-[C:2]#[C;D1;H1:3]"", ""reactants"": [""C#CCOc1ccc(Cl)cc1"", ""C#CCOc1ccc(CCNC(=O)C(O)COc2ccc(Cl)cc2)cc1OC""], ""product"": ""C#CCOc1ccc(CCNC(=O)C(COc2ccc(Cl)cc2)OCC#C)cc1OC""}], ""building_blocks"": [""C#CCOc1ccc(Cl)cc1"", ""C#CCOc1ccc(CCNC(=O)C(O)COc2ccc(Cl)cc2)cc1OC""]}"
C=C1C(=O)OC2C=C(C)CCC=C(C)CCC12O,product,product,False,apply_fixes|fix_building_blocks|fix_step,validate_route|validate_route|fix_building_blocks|fix_step|apply_fixes,True,3,549.6,,"{""reactions"": [{""reaction_number"": 1, ""reaction_template"": ""[OH:2]-[$([CX4]),c:1]>>[Br:3][C,c:1]"", ""reactants"": [""C=C1C(=O)OC2C=C(C)CCC=C(C)CCC12O""], ""product"": ""C=C1C(=O)OC2C=C(C)CCC=C(C)CCC12O""}], ""building_blocks"": []}"
CN(C)CCOc1ccc2c(c1)C(=O)C(=Cc1ncc([N+](=O)[O-])n1C)C2,reactant,reaction,False,apply_fixes|fix_building_blocks|fix_step,validate_route|fix_building_blocks|fix_step|apply_fixes,True,1,339.5,,"{""reactions"": [{""reaction_number"": 1, ""reaction_template"": ""Cl-[CH2;D2;+0:1]-[c:2](:[#7;a:3]):[#7;a:4].O=[C;H0;D3;+0:5](-[C:6])-[C:7]=[O;D1;H0:8]>>[#7;a:3]:[c:2](-[CH;D2;+0:1]=[C;H0;D3;+0:5](-[C:6])-[C:7]=[O;D1;H0:8]):[#7;a:4]"", ""reactants"": [""CN(C)CCOc1ccc2c(c1)C(=O)C(=O)C2"", ""Cn1c([N+](=O)[O-])cnc1CCl""], ""product"": ""CN(C)CCOc1ccc2c(c1)C(=O)C(=Cc1ncc([N+](=O)[O-])n1C)C2""}], ""building_blocks"": [""CN(C)CCOc1ccc2c(c1)C(=O)C(=O)C2"", ""Cn1c([N+](=O)[O-])cnc1CCl""]}"
CS(=O)(=O)c1ccc(-n2nc(C(F)(F)F)nc2-c2ccc(F)cc2)nc1,reactant,reaction,False,apply_fixes|fix_building_blocks|fix_step,validate_route|fix_building_blocks|fix_step|apply_fixes,True,1,332.2,,"{""reactions"": [{""reaction_number"": 1, ""reaction_template"": ""C-C1(-C)-O-B(-[c;H0;D3;+0:1](:[#7;a:2]):[c:3])-O-C-1(-C)-C.[#7;a:4]:[nH;D2;+0:5]:[c:6]:[#7;a:7]>>[#7;a:4]:[n;H0;D3;+0:5](-[c;H0;D3;+0:1](:[#7;a:2]):[c:3]):[c:6]:[#7;a:7]"", ""reactants"": [""Fc1ccc(-c2nc(C(F)(F)F)n[nH]2)cc1"", ""CC1(C)OB(c2ccc(S(C)(=O)=O)cn2)OC1(C)C""], ""product"": ""CS(=O)(=O)c1ccc(-n2nc(C(F)(F)F)nc2-c2ccc(F)cc2)nc1""}], ""building_blocks"": [""Fc1ccc(-c2nc(C(F)(F)F)n[nH]2)cc1"", ""CC1(C)OB(c2ccc(S(C)(=O)=O)cn2)OC1(C)C""]}"
CC(C)OC(=O)C(C)NP(=O)(COC(C)Cn1cnc2c(N)ncnc21)Oc1ccc(CC(NC(=O)OCc2ccccc2)C(=O)OC2CCCCC2)cc1,reactant,valid,True,apply_fixes|fix_building_blocks|fix_step,validate_route|fix_building_blocks|fix_step|apply_fixes,True,1,422.5,,"{""reactions"": [{""reaction_number"": 1, ""reaction_template"": ""[Cl,OH,O-:3][C$(C(=O)([CX4,c])),C$([CH](=O)):2]=[O:4].[O$([OH]([CX4,c])),O$([OH]([CX4,c])([CX4,c])),S$([SH]([CX4,c])),S$([SH]([CX4,c])([CX4,c])):6]>>[*:6]-[C:2]=[O:4]"", ""reactants"": [""CC(C)OC(=O)C(C)NP(=O)(COC(C)Cn1cnc2c(N)ncnc21)Oc1ccc(CC(NC(=O)OCc2ccccc2)C(=O)O)cc1"", ""OC1CCCCC1""], ""product"": ""CC(C)OC(=O)C(C)NP(=O)(COC(C)Cn1cnc2c(N)ncnc21)Oc1ccc(CC(NC(=O)OCc2ccccc2)C(=O)OC2CCCCC2)cc1""}, {""reaction_number"": 2, ""reaction_template"": ""O-[c;H0;D3;+0:1](:[c:2]):[c:3].[#15:4]-[OH;D1;+0:5]>>[#15:4]-[O;H0;D2;+0:5]-[c;H0;D3;+0:1](:[c:2]):[c:3]"", ""reactants"": [""O=C(NC(Cc1ccc(O)cc1)C(=O)O)OCc1ccccc1"", ""CC(C)OC(=O)C(C)NP(=O)(COC(C)Cn1cnc2c(N)ncnc21)O""], ""product"": ""CC(C)OC(=O)C(C)NP(=O)(COC(C)Cn1cnc2c(N)ncnc21)Oc1ccc(CC(NC(=O)OCc2ccccc2)C(=O)O)cc1""}], ""building_blocks"": [""OC1CCCCC1"", ""O=C(NC(Cc1ccc(O)cc1)C(=O)O)OCc1ccccc1"", ""CC(C)OC(=O)C(C)NP(=O)(COC(C)Cn1cnc2c(N)ncnc21)O""]}"
Sc1nnc(C2(c3ccccc3)CCCC2)o1,reactant,reaction,False,apply_fixes|fix_building_blocks|fix_step,validate_route|fix_building_blocks|fix_step|apply_fixes,True,1,373.5,,"{""reactions"": [{""reaction_number"": 1, ""reaction_template"": ""Br-[c;H0;D3;+0:1](:[#8;a:2]):[#7;a:3]:[#7;a:4].C-C1(-C)-O-B(-[C;H0;D4;+0:5](-[c:6])(-[C:7])-[C:8])-O-C-1(-C)-C>>[#7;a:4]:[#7;a:3]:[c;H0;D3;+0:1](-[C;H0;D4;+0:5](-[c:6])(-[C:7])-[C:8]):[#8;a:2]"", ""reactants"": [""CC1(C)OB(C2(c3ccccc3)CCCC2)OC1(C)C"", ""Sc1nnc(Br)o1""], ""product"": ""Sc1nnc(C2(c3ccccc3)CCCC2)o1""}], ""building_blocks"": [""CC1(C)OB(C2(c3ccccc3)CCCC2)OC1(C)C"", ""Sc1nnc(Br)o1""]}"
O=C(NN1C(=O)CSC1c1c(F)cccc1F)c1nsc2ccccc12,reactant,reaction,False,apply_fixes|fix_building_blocks|fix_step,validate_route|fix_building_blocks|fix_step|apply_fixes,True,1,263.7,,"{""reactions"": [{""reaction_number"": 1, ""reaction_template"": ""[NH2:1].[C:2](=[O:3])[OH]>>[N:1][C:2]=[O:3]"", ""reactants"": [""O=C(O)c1nsc2ccccc12"", ""NN1C(=O)CSC1c1c(F)cccc1F""], ""product"": ""O=C(NN1C(=O)CSC1c1c(F)cccc1F)c1nsc2ccccc12""}], ""building_blocks"": [""O=C(O)c1nsc2ccccc12"", ""NN1C(=O)CSC1c1c(F)cccc1F""]}"
COc1ccc(C(=O)NC(=S)NNC(=O)c2cccnc2)cc1,reactant,valid,True,apply_fixes|fix_building_blocks|fix_step,validate_route|fix_building_blocks|fix_step|apply_fixes,True,1,415.1,,"{""reactions"": [{""reaction_number"": 1, ""reaction_template"": ""O-[C;H0;D3;+0:1](=[O;D1;H0:2])-[c:3].[NH2;D1;+0:4]-[#7:5]-[C:6]=[S;D1;H0:7]>>[O;D1;H0:2]=[C;H0;D3;+0:1](-[c:3])-[N;H1;D2;+0]-[C;H0;D3;+0](=[S;H0;D1;+0])-[NH;D2;+0:4]-[#7:5]-[C:6]=[S;D1;H0:7]"", ""reactants"": [""COc1ccc(C(=O)O)cc1"", ""NNC(=S)NNC(=O)c1cccnc1""], ""product"": ""COc1ccc(C(=O)NC(=S)NNC(=S)NNC(=O)c2cccnc2)cc1""}], ""building_blocks"": [""COc1ccc(C(=O)O)cc1"", ""NNC(=S)NNC(=O)c1cccnc1""]}"
CCCCCC1CCCCCCCCCC(=O)OC2C(OC(C)C(OC3OC(C)C(OC4OC(C)C(OC(=O)C(C)CC)C(O)C4O)C(OC4OC(C)C(O)C(O)C4O)C3OC(=O)C(C)CC)C2O)OC2C(O1)OC(C)C(O)C2O,smiles,reactant,False,apply_fixes|fix_building_blocks|fix_step,validate_route|fix_building_blocks|fix_step|apply_fixes,True,1,383.1,,"{""reactions"": [{""reaction_number"": 1, ""reaction_template"": ""[OH,O-]-[C$(C(=O)(O)([CX4,c])):2]=[O:3].[OH:8]-[C$([CH](O)([CX4,c])([CX4,c])),C$([CH2](O)([CX4,c])),C$([CH3](O)):6]>>[C:6][O]-[C:2]=[O:3]"", ""reactants"": [""CCC(C)C(=O)OC1C(C)OC(OC2C(C)OC(OC(OC3OC(C)C(O)C(O)C3O)C(C)OC3OC(C)C(O)C(O)C3OC(=O)C(C)CC)C(O)C2OC2OC(C)C(O)C(O)C2O)C(O)C1O"", ""CCCCCC1CCCCCCCCCC(=O)O1""], ""product"": ""CCCCCC1CCCCCCCCCC(=O)OC2C(OC(C)C(OC3OC(C)C(OC4OC(C)C(OC(=O)C(C)CC)C(O)C4O)C(OC4OC(C)C(O)C(O)C4O)C3OC(=O)C(C)CC)C2O)OC2C(O1)OC(C)C(O)C2O""}], ""building_blocks"": [""CCC(C)C(=O)OC1C(C)OC(OC2C(C)OC(OC(OC3OC(C)C(O)C(O)C3O)C(C)OC3OC(C)C(O)C(O)C3OC(=O)C(C)CC)C(O)C2OC2OC(C)C(O)C(O)C2O)C(O)C1O"", ""CCCCCC1CCCCCCCCCC(=O)O1""]}"
COc1ccc(S(=O)(=O)C(CCCCc2ccccc2)CC(=O)NO)cc1OC,product,product,False,apply_fixes|fix_building_blocks|fix_step,validate_route|fix_building_blocks|fix_step|apply_fixes,True,2,440.5,,"{""reactions"": [{""reaction_number"": 1, ""reaction_template"": ""[Br,I:1][C$(C([Br,I])([CX4])([CX4])([CX4])),C$([CH]([Br,I])([CX4])([CX4])),C$([CH2]([Br,I])([CX4])),C$([CH3]([Br,I])),C$([C]([Br,I])(=C)([CX4])),C$([CH]([Br,I])(=C)),C$(C([Br,I])(#C)),c$(c([Br,I])):2].[Br,I:3][C$(C([Br,I])([CX4])([CX4])([CX4])),C$([CH]([Br,I])([CX4])([CX4])),C$([CH2]([Br,I])([CX4])),C$([CH3]([Br,I])),C$([C]([Br,I])(=C)([CX4])),C$([CH]([Br,I])(=C)),C$(C([Br,I])(#C)),c$(c([Br,I])):4]>>[C,c:2][C,c:4]"", ""reactants"": [""COc1ccc(S(=O)(=O)C(CBr)CC(=O)NO)cc1OC"", ""BrCCCCc1ccccc1""], ""product"": ""COc1ccc(S(=O)(=O)C(CCCCc2ccccc2)CC(=O)NO)cc1OC""}], ""building_blocks"": [""COc1ccc(S(=O)(=O)C(CBr)CC(=O)NO)cc1OC"", ""BrCCCCc1ccccc1""]}"
Brc1ccc(-n2cccc2C=Nn2cnnc2)cc1,product,valid,True,apply_fixes|fix_building_blocks|fix_step,validate_route|fix_building_blocks|fix_step|apply_fixes,True,1,296.7,,"{""reactions"": [{""reaction_number"": 1, ""reaction_template"": ""[c:1]B(O)O.[nH1;+0;r5;!$(n[#6]=[O,S,N]);!$(n~n~n);!$(n~n~c~n);!$(n~c~n~n):2]>>[c:1][n:2]"", ""reactants"": [""OB(O)c1ccc(Br)cc1"", ""C(=Nn1cnnc1)c1ccc[nH]1""], ""product"": ""Brc1ccc(-n2cccc2C=Nn2cnnc2)cc1""}], ""building_blocks"": [""OB(O)c1ccc(Br)cc1"", ""C(=Nn1cnnc1)c1ccc[nH]1""]}"
CCc1nc(N)nc(N)c1-c1ccc2c(c1)N(CCCOC)C(=O)C(c1cccc(F)c1F)O2,reaction,reaction,False,apply_fixes|fix_building_blocks|fix_step,validate_route|fix_building_blocks|fix_step|apply_fixes,True,1,368.9,,"{""reactions"": [{""reaction_number"": 1, ""reaction_template"": ""[#6;$(C=C-[#6]),$(c:c):1][Br,I].[Cl,Br,I][c:2]>>[c:2][#6:1]"", ""reactants"": [""COCCCN1C(=O)C(c2cccc(F)c2F)Oc2ccc(Cl)cc21"", ""CCc1nc(N)nc(N)c1Br""], ""product"": ""CCc1nc(N)nc(N)c1-c1ccc2c(c1)N(CCCOC)C(=O)C(c1cccc(F)c1F)O2""}, {""reaction_number"": 2, ""reaction_template"": ""O=C1-O-[CH;D3;+0:1](-[c:2])-[CH2;D2;+0:3]-C(=O)-[N;H0;D3;+0:4]-1-C-C-[CH2;D2;+0:5]-[#8:6].[CH3;D1;+0:7]-[C;H0;D3;+0:8](=[O;H0;D1;+0:9])-[c;H0;D3;+0:10](:[c:11]):[c:12]-[OH;D1;+0:13]>>[#8:6]-[CH2;D2;+0:5]-[CH2;D2;+0:7]-[CH2;D2;+0:8]-[N;H0;D3;+0:4]1-[C;H0;D3;+0:3](=[O;H0;D1;+0:9])-[CH;D3;+0:1](-[c:2])-[O;H0;D2;+0:13]-[c:12]:[c;H0;D3;+0:10]-1:[c:11]"", ""reactants"": [""CC(=O)c1cc(Cl)ccc1O"", ""COCCCN1C(=O)CC(c2cccc(F)c2F)OC1=O""], ""product"": ""COCCCN1C(=O)C(c2cccc(F)c2F)Oc2ccc(Cl)cc21""}], ""building_blocks"": [""CCc1nc(N)nc(N)c1Br"", ""CC(=O)c1cc(Cl)ccc1O"", ""COCCCN1C(=O)CC(c2cccc(F)c2F)OC1=O""]}"
Oc1c(Cl)cc(-c2nc(-c3ccccc3)c(-c3cccs3)[nH]2)cc1Cl,reactant,valid,True,apply_fixes|fix_building_blocks|fix_step,validate_route|fix_building_blocks|fix_step|apply_fixes,True,1,383.7,,"{""reactions"": [{""reaction_number"": 1, ""reaction_template"": ""O=[C;H0;D3;+0:1](-[C;H0;D3;+0:2](=O)-[c;H0;D3;+0:3](:[c:4]):[c:5])-[c;H0;D3;+0:6](:[#16;a:7]):[c:8].O=[CH;D2;+0:9]-[c;H0;D3;+0:10](:[c:11]):[c:12]>>[#16;a:7]:[c;H0;D3;+0:6](-[c;H0;D3;+0:1]1:[nH;D2;+0]:[c;H0;D3;+0:9](-[c;H0;D3;+0:10](:[c:11]):[c:12]):[n;H0;D2;+0]:[c;H0;D3;+0:2]:1-[c;H0;D3;+0:3](:[c:4]):[c:5]):[c:8]"", ""reactants"": [""O=C(C(=O)c1ccccc1)c1cccs1"", ""O=Cc1cc(Cl)c(O)c(Cl)c1""], ""product"": ""Oc1c(Cl)cc(-c2nc(-c3ccccc3)c(-c3cccs3)[nH]2)cc1Cl""}], ""building_blocks"": [""O=C(C(=O)c1ccccc1)c1cccs1"", ""O=Cc1cc(Cl)c(O)c(Cl)c1""]}"
COc1cccc(C=C(C(=O)O)c2cc(OC)c(OC)c(OC)c2)c1,reactant,valid,True,apply_fixes|fix_building_blocks|fix_step,validate_route|fix_building_blocks|fix_step|apply_fixes,True,1,296.4,,"{""reactions"": [{""reaction_number"": 1, ""reaction_template"": ""Cl-[CH2;D2;+0:1]-[c:2].O=[C;H0;D3;+0:3](-[c:4])-[C:5](=[O;D1;H0:6])-[O;D1;H1:7]>>[O;D1;H0:6]=[C:5](-[O;D1;H1:7])-[C;H0;D3;+0:3](-[c:4])=[CH;D2;+0:1]-[c:2]"", ""reactants"": [""COc1cccc(CCl)c1"", ""COc1cc(C(=O)C(=O)O)cc(OC)c1OC""], ""product"": ""COc1cccc(C=C(C(=O)O)c2cc(OC)c(OC)c(OC)c2)c1""}], ""building_blocks"": [""COc1cccc(CCl)c1"", ""COc1cc(C(=O)C(=O)O)cc(OC)c1OC""]}"
O=C(NC1CCCCC1)N1CC(Cc2ccccc2)C(c2ccc(Cl)cc2)=N1,smiles,smiles,False,apply_fixes|fix_building_blocks|fix_smiles|fix_step,validate_route|fix_building_blocks|fix_step|apply_fixes|fix_smiles,True,1,334.2,,"{""reactions"": [{""reaction_number"": 1, ""reaction_template"": ""[N;$([N-]):3]=[C;$(C=O):1].[N;$(N[#6]);!$(N=*);!$([N-]);!$(N#*);!$([ND3]);!$(N+0:2)]:2]>>[N:3]-[C:1]-[N+0]]"", ""reactants"": [""Clc1ccc(C2NCC(Cc3ccccc3)C2=c2ccccc2)"", ""O=C=NC1CCCCC1""], ""product"": ""O=C(NC1CCCCC1)N1CC(Cc2ccccc2)C(c2ccc(Cl)cc2)=N1""}], ""building_blocks"": [""Clc1ccc(C2NCC(Cc3ccccc3)C2=c2ccccc2)"", ""O=C=NC1CCCCC1""]}"
COc1ccc(N=c2oc3cc(O)ccc3cc2C(=O)NC(C)C)cc1,reactant,other,False,apply_fixes|fix_building_blocks|fix_step,validate_route|fix_building_blocks|fix_step|apply_fixes,True,1,271.0,,"{""reactions"": [{""reaction_number"": 1, ""reaction_template"": ""[NH2;$(N-c1ccccc1):1]-[c:2]:[c:3]-[CH1:4]=[OD1].[C;$(C([#6])[#6]):6](=[OD1))-[CH2;$(C([#6])[#6]);!$(C(C=O)C=O):5]>>[N:1]1-[c:2]:[c:3]-[C:4]=[C:5]-[C:6]:1"", ""reactants"": [""Nc1ccc(O)cc1C=O"", ""COc1ccc(N=c2oc3cc(O)ccc3cc2C(=O)NC(C)C)cc1""], ""product"": ""COc1ccc(N=c2oc3cc(O)ccc3cc2C(=O)NC(C)C)cc1""}], ""building_blocks"": [""Nc1ccc(O)cc1C=O""]}"
Fc1ccc(N(c2nc(-c3cc(F)cc(C(F)(F)F)c3)cs2)C2CCNCC2)cc1,reaction,reaction,False,apply_fixes|fix_building_blocks|fix_step,validate_route|fix_building_blocks|fix_step|apply_fixes,True,1,168.5,,"{""reactions"": [{""reaction_number"": 1, ""reaction_template"": ""[NX3;!$(N[C,S]=[S,O,N]);$(N[#6]);!$(N[#7]);H1,H2:1].[#6:3][CX3;!$(C[!#6]);H0,H1:4]=[O]>>[N:1][C:4][#6:3]"", ""reactants"": [""O=C1CCNCC1"", ""Fc1ccc(Nc2nc(-c3cc(F)cc(C(F)(F)F)c3)cs2)cc1""], ""product"": ""Fc1ccc(N(c2nc(-c3cc(F)cc(C(F)(F)F)c3)cs2)C2CCNCC2)cc1""}], ""building_blocks"": [""O=C1CCNCC1"", ""Fc1ccc(Nc2nc(-c3cc(F)cc(C(F)(F)F)c3)cs2)cc1""]}"
CCOc1ccc(NC(=O)Cn2nc3c(Sc4ccc(C)cc4C)nccn3c2=O)cc1,smiles,smiles,False,apply_fixes|fix_building_blocks|fix_step,validate_route|fix_building_blocks|fix_step|apply_fixes,True,1,3660.6,,"{""reactions"": [{""reaction_number"": 1, ""reaction_template"": ""[c;r6:1](-[C;$(C=O):6]-[OH1]):[c;r6:2]-[C;H1,$(C-C):3]=[OD1].[NH2:4]-[NH1;$(N-[#6]);!$(NC=[O,S,N]):5]>>[c:1]1:[c:2]-[C:3]=[N:4]-[N:5]-[C:6]-1"", ""reactants"": [""Cc1ccc(Sc2nccn(C(=O)O)c2C=O)c(C)c1"", ""CCOc1ccc(NC(=O)CNN)cc1""], ""product"": ""CCOc1ccc(NC(=O)Cn2nc3c(Sc4ccc(C)cc4C)nccn3c2=O)cc1""}], ""building_blocks"": [""Cc1ccc(Sc2nccn(C(=O)O)c2C=O)c(C)c1"", ""CCOc1ccc(NC(=O)CNN)cc1""]}"
CN(Cc1ccccc1)C(=O)c1cc2c(C(=O)OC(C)(C)C)ncn2c2ccccc12,smiles,exception,False,,,,,440.4,UnexpectedModelBehavior: Exceeded maximum output retries (1),
Cc1cccc(CNCc2cc3c(C)nn(-c4ccccc4)c3[nH]c2=O)c1,reactant,exception,False,,,,,108.0,UnexpectedModelBehavior: Exceeded maximum output retries (1),
Cc1ccccc1-n1c(C)nnc1SCC(=O)N1CCc2ccccc2C1,reactant,reaction,False,apply_fixes|fix_building_blocks,validate_route|fix_building_blocks|apply_fixes,True,2,407.8,,"{""reactions"": [{""reaction_number"": 1, ""reaction_template"": ""[c:1]B(O)O.[nH1;+0;r5;!$(n[#6]=[O,S,N]);!$(n~n~n);!$(n~n~c~n):2]>>[c:1][n:2]"", ""reactants"": [""Cc1nnc(SCC(=O)N2CCc3ccccc3C2)[nH]1"", ""Cc1ccccc1B(O)O""], ""product"": ""Cc1ccccc1-n1c(C)nnc1SCC(=O)N1CCc2ccccc2C1""}], ""building_blocks"": [""Cc1nnc(SCC(=O)N2CCc3ccccc3C2)[nH]1"", ""Cc1ccccc1B(O)O""]}"
C=CC1(C)CC(OC(=O)N2CCc3cc(OCCCN4CCN(C)CC4)ccc3C2=O)C2(C)C(C)CCC3(CCC(=O)C32)C(C)C1O,reactant,exception,False,,,,,1780.4,UnexpectedModelBehavior: Tool 'fix_step' exceeded max retries count of 1,
O=c1[nH]c2ccc(Cl)cc2c(=O)n1CCCCCCCCn1ccnc1,reactant,reaction,False,apply_fixes|fix_building_blocks|fix_step,validate_route|fix_building_blocks|fix_step|apply_fixes,True,1,1013.8,,"{""reactions"": [{""reaction_number"": 1, ""reaction_template"": ""Cl-c1:c:c(-C(-O)=O):c(-N):c(-[C;H0;D3;+0:1](-O)=[O;D1;H0:2]):c:1.[C:3]-[NH;D2;+0:4]-[C;H0;D3;+0:5](=[O;D1;H0:6])-[NH;D2;+0:7]-[c:8]:[cH;D2;+0:9]:[c:10]>>[C:3]-[n;H0;D3;+0:4]1:[c;H0;D3;+0:1](=[O;D1;H0:2]):[c;H0;D3;+0:9](:[c:10]):[c:8]:[nH;D2;+0:7]:[c;H0;D3;+0:5]:1=[O;D1;H0:6]"", ""reactants"": [""O=C(NCCCCCCCCn1ccnc1)Nc1ccc(Cl)cc1"", ""Nc1c(C(=O)O)cc(Cl)cc1C(=O)O""], ""product"": ""O=c1[nH]c2ccc(Cl)cc2c(=O)n1CCCCCCCCn1ccnc1""}, {""reaction_number"": 2, ""reaction_template"": ""[N;$(N-[#6]):3]=[C;$(C=O):1].[N;$(N[#6]);!$(N=*);!$([N-]);!$(N#*);!$([ND3]);!$([ND4]);!$(N[O,N]);!$(N[C,S]=[S,O,N]):2]>>[N:3]-[C:1]-[N+0:2]"", ""reactants"": [""NCCCCCCCCn1ccnc1"", ""O=C=Nc1ccc(Cl)cc1""], ""product"": ""O=C(NCCCCCCCCn1ccnc1)Nc1ccc(Cl)cc1""}], ""building_blocks"": [""Nc1c(C(=O)O)cc(Cl)cc1C(=O)O"", ""NCCCCCCCCn1ccnc1"", ""O=C=Nc1ccc(Cl)cc1""]}"
O=c1cc(NC2CCN(S(=O)(=O)C(F)(F)F)C2)c2cc(C(c3ccc(Cl)cc3)c3nccs3)ccc2[nH]1,reactant,valid,True,apply_fixes|fix_building_blocks|fix_step,validate_route|fix_building_blocks|fix_step|apply_fixes,True,1,245.5,,"{""reactions"": [{""reaction_number"": 1, ""reaction_template"": ""[Cl,Br,I][c;$(c1:[c,n]:[c,n]:[c,n]:[c,n]:[c,n]:1):1].[N;$(NC)&!$(N=*)&!$([N-])&!$(N#*)&!$([ND3])&!$([ND4])&!$(N[c,O])&!$(N[C,S]=[S,O,N]),H2&$(Nc1:[c,n]:[c,n]:[c,n]:[c,n]:[c,n]:1):2]>>[c:1][N:2]"", ""reactants"": [""O=c1cc(Cl)c2cc(C(c3ccc(Cl)cc3)c3nccs3)ccc2[nH]1"", ""NC1CCN(S(=O)(=O)C(F)(F)F)C1""], ""product"": ""O=c1cc(NC2CCN(S(=O)(=O)C(F)(F)F)C2)c2cc(C(c3ccc(Cl)cc3)c3nccs3)ccc2[nH]1""}, {""reaction_number"": 2, ""reaction_template"": ""Br-[c;H0;D3;+0:1](:[c:2]):[c:3].C-C1(-C)-O-B(-[CH;D3;+0:4](-[c:5])-[c:6](:[#16;a:7]):[#7;a:8])-O-C-1(-C)-C>>[#16;a:7]:[c:6](-[CH;D3;+0:4](-[c:5])-[c;H0;D3;+0:1](:[c:2]):[c:3]):[#7;a:8]"", ""reactants"": [""O=c1cc(Cl)c2cc(Br)ccc2[nH]1"", ""CC1(C)OB(C(c2ccc(Cl)cc2)c2nccs2)OC1(C)C""], ""product"": ""O=c1cc(Cl)c2cc(C(c3ccc(Cl)cc3)c3nccs3)ccc2[nH]1""}], ""building_blocks"": [""NC1CCN(S(=O)(=O)C(F)(F)F)C1"", ""O=c1cc(Cl)c2cc(Br)ccc2[nH]1"", ""CC1(C)OB(C(c2ccc(Cl)cc2)c2nccs2)OC1(C)C""]}"
CC1C=CC2(C(=O)O)CCC3(C)C(=CCC4C5(C)C(O)C(O)C(O)C(C)(C)C5C(O)CC43C)C2C1C,reaction,valid,True,apply_fixes|fix_building_blocks|fix_step,validate_route|fix_building_blocks|fix_step|apply_fixes,True,1,205.9,,"{""reactions"": [{""reaction_number"": 1, ""reaction_template"": ""[C$(C(=C)([CX4,OX2,NX3])([CX4,OX2,NX3])),C$([CH](=C)([CX4,OX2,NX3])),C$([CH2](=C)):1]=[C$(C(=C)([CX4,OX2,NX3])([CX4,OX2,NX3])),C$([CH](=C)([CX4,OX2,NX3])),C$([CH2](=C)):2].[C$(C(=C)([CX4,OX2,NX3])([CX4,OX2,NX3])),C$([CH](=C)([CX4,OX2,NX3])),C$([CH2](=C)):3]=[C$([C](=C)(C)([CX4,OX2,NX3])),C$([CH](=C)(C)):4]-[C$([C](=C)(C)([CX4,OX2,NX3])),C$([CH](=C)(C)):5]=[C$(C(=C)([CX4,OX2,NX3])([CX4,OX2,NX3])),C$([CH](=C)([CX4,OX2,NX3])),C$([CH2](=C)):6]>>[C:1]1[C:2][C:3][C:4]=[C:5][C:6]1"", ""reactants"": [""CC1=CC2(C)C(O)C(O)C(O)C(C)(C)C2C(O)C1"", ""C=CC1=C(C)CCC2(C(=O)O)C=CC(C)C(C)C12""], ""product"": ""CC1C=CC2(C(=O)O)CCC3(C)C(=CCC4C5(C)C(O)C(O)C(O)C(C)(C)C5C(O)CC43C)C2C1C""}], ""building_blocks"": [""CC1=CC2(C)C(O)C(O)C(O)C(C)(C)C2C(O)C1"", ""C=CC1=C(C)CCC2(C(=O)O)C=CC(C)C(C)C12""]}"
CC(C)C(O)C1CCCC2=Cc3c(cnn3-c3ccc(F)cc3)CC21C,reaction,reaction,False,apply_fixes|fix_building_blocks|fix_step,validate_route|fix_building_blocks|fix_step|apply_fixes,True,1,261.6,,"{""reactions"": [{""reaction_number"": 1, ""reaction_template"": ""[c:1]B(O)O.[nH1;+0;r5;!$(n[#6]=[O,S,N]);!$(n~n~n);!$(n~n~c~n);!$(n~c~n~n):2]>>[c:1][n:2]"", ""reactants"": [""CC(C)C(O)C1CCCC2=Cc3[nH]ncc3CC21C"", ""OB(O)c1ccc(F)cc1""], ""product"": ""CC(C)C(O)C1CCCC2=Cc3c(cnn3-c3ccc(F)cc3)CC21C""}, {""reaction_number"": 2, ""reaction_template"": ""[NH1;$(N-c1ccccc1):1](-[NH2])-[c:5]:[cH1:4].[C;$(C([#6])[#6]):2](=[OD1])-[CH2;$(C([#6])[#6]);!$(C(C=O)C=O):3]>>[C:5]1-[N:1]-[C:2]=[C:3]-[C:4]:1"", ""reactants"": [""CC(C)C(O)C1CCCC2=CC(=O)CC21C"", ""NNc1ccc[nH]1""], ""product"": ""CC(C)C(O)C1CCCC2=Cc3[nH]ncc3CC21C""}], ""building_blocks"": [""OB(O)c1ccc(F)cc1"", ""CC(C)C(O)C1CCCC2=CC(=O)CC21C"", ""NNc1ccc[nH]1""]}"
N#CCCN1CCC23CCCCC2C1Cc1cc(O)ccc13,reactant,valid,True,apply_fixes|fix_building_blocks|fix_step,validate_route|fix_building_blocks|fix_step|fix_step|apply_fixes,True,1,244.6,,"{""reactions"": [{""reaction_number"": 1, ""reaction_template"": ""O-c1:c:c:c2:[c;H0;D3;+0:1](:c:1)-[C:2]-[C;H0;D3;+0:3](=[O;H0;D1;+0:4])-[C;H0;D4;+0:5]-21-C-C-C-C-C-1.[C:6]-[N;H0;D3;+0:7]1-[CH2;D2;+0:8]-[CH2;D2;+0:9]-[C;H0;D3;+0:10]2=[CH;D2;+0:11]-[C:12]-1-[CH2;D2;+0:13]-[CH2;D2;+0:14]-[CH2;D2;+0:15]-[CH2;D2;+0:16]-2>>[C:6]-[N;H0;D3;+0:7]1-[C;H2;D2;+0]-[C;H2;D2;+0]-[C;H0;D4;+0:14]23-[CH2;D2;+0:5]-[CH2;D2;+0:3]-[C:2]-[CH2;D2;+0:1]-[CH;D3;+0:13]-2-[C:12]-1-[CH2;D2;+0:11]-[c;H0;D3;+0:16]1:[cH;D2;+0:10]:[c;H0;D3;+0:9](-[OH;D1;+0:4]):[cH;D2;+0:8]:[c;H1;D2;+0]:[c;H0;D3;+0:15]:1-3"", ""reactants"": [""O=C1Cc2cc(O)ccc2C12CCCCC2"", ""N#CCCN1CCC2=CC1CCCC2""], ""product"": ""N#CCCN1CCC23CCCCC2C1Cc1cc(O)ccc13""}, {""reaction_number"": 2, ""reaction_template"": ""C=[C;H0;D3;+0:1]1-[CH;D2;+0:2]=[CH;D2;+0:3]-[C:4]-[C:5]-[NH;D2;+0:6]-1.[C:7]-[CH2;D2;+0:8]-[C;H0;D3;+0:9](=[CH2;D1;+0:10])-[C:11]>>[C:7]-[CH;D3;+0:8]1-[CH;D2;+0:10]=[C;H0;D3;+0:9](-[C:11])-[CH2;D2;+0:2]-[CH2;D2;+0:1]-[N;H0;D3;+0:6]-1-[C:5]-[C:4]-[C;H0;D2;+0:3]#[N;H0;D1;+0]"", ""reactants"": [""C=C1C=CCCN1"", ""C=C1CCCCC1""], ""product"": ""N#CCCN1CCC2=CC1CCCC2""}], ""building_blocks"": [""O=C1Cc2cc(O)ccc2C12CCCCC2"", ""C=C1C=CCCN1"", ""C=C1CCCCC1""]}"
CC1CCC2C(C)C(CC(O)C3OC4OC5(C)CCC6C(C)CCC(C3C)C46OO5)OC3OC4(C)CCC1C32OO4,smiles,reaction,False,apply_fixes|fix_building_blocks|fix_step,validate_route|fix_building_blocks|fix_step|apply_fixes,True,1,385.1,,"{""reactions"": [{""reaction_number"": 1, ""reaction_template"": ""[#6:1][C;H1,$([C]([#6])[#6]):2]=[OD1:3].[Cl,Br,I][#6;$([#6]~[#6]);!$([#6]([Cl,Br,I])[Cl,Br,I]);!$([#6]=O):4]>>[C:1][#6:2]([OH1:3])[#6:4]"", ""reactants"": [""CC1CCC2C(C)C(CBr)OC3OC4(C)CCC1C32O4"", ""CC1CCC2C(C)C(C=O)OC3OC4(C)CCC1C32O4""], ""product"": ""CC1CCC2C(C)C(CC(O)C3OC4OC5(C)CCC6C(C)CCC(C3C)C46OO5)OC3OC4(C)CCC1C32OO4""}], ""building_blocks"": [""CC1CCC2C(C)C(CBr)OC3OC4(C)CCC1C32O4"", ""CC1CCC2C(C)C(C=O)OC3OC4(C)CCC1C32O4""]}"
Cc1c(-c2ncnc3[nH]c(-c4ccc(C(=O)N5CCCC(O)C5)cc4)cc23)cccc1N1CCOc2cc(C3CC3)ccc2C1=O,reaction,reaction,False,apply_fixes|fix_building_blocks|fix_step,validate_route|fix_building_blocks|fix_step|apply_fixes,True,1,468.1,,"{""reactions"": [{""reaction_number"": 1, ""reaction_template"": ""[#6;$(C=C-[#6]),$(c:c):1][Br,I].[Cl,Br,I][c:2]>>[c:2][#6:1]"", ""reactants"": [""O=C(c1ccc(Br)cc1)N1CCCC(O)C1"", ""Cc1c(-c2ncnc3[nH]c(Cl)cc23)cccc1N1CCOc2cc(C3CC3)ccc2C1=O""], ""product"": ""Cc1c(-c2ncnc3[nH]c(-c4ccc(C(=O)N5CCCC(O)C5)cc4)cc23)cccc1N1CCOc2cc(C3CC3)ccc2C1=O""}, {""reaction_number"": 2, ""reaction_template"": ""[#6;$(C=C-[#6]),$(c:c):1][Br,I].[Cl,Br,I][c:2]>>[c:2][#6:1]"", ""reactants"": [""Clc1cc2c(Cl)ncnc2[nH]1"", ""Cc1c(Br)cccc1N1CCOc2cc(C3CC3)ccc2C1=O""], ""product"": ""Cc1c(-c2ncnc3[nH]c(Cl)cc23)cccc1N1CCOc2cc(C3CC3)ccc2C1=O""}, {""reaction_number"": 3, ""reaction_template"": ""[c:1]Br.[NH1:2]>>[c:1][N:2]"", ""reactants"": [""Cc1c(Br)cccc1Br"", ""O=C1NCCOc2cc(C3CC3)ccc21""], ""product"": ""Cc1c(Br)cccc1N1CCOc2cc(C3CC3)ccc2C1=O""}], ""building_blocks"": [""O=C(c1ccc(Br)cc1)N1CCCC(O)C1"", ""Clc1cc2c(Cl)ncnc2[nH]1"", ""Cc1c(Br)cccc1Br"", ""O=C1NCCOc2cc(C3CC3)ccc21""]}"
NC(=O)C(Cc1c(Sc2ncccc2[N+](=O)[O-])[nH]c2ccccc12)NC(=O)C(N)CCCN=C(N)N,reaction,reaction,False,apply_fixes|fix_building_blocks|fix_step,validate_route|fix_building_blocks|fix_step|apply_fixes,True,1,420.7,,"{""reactions"": [{""reaction_number"": 1, ""reaction_template"": ""[Cl,OH,O-:3][C$(C(=O)([CX4,c])),C$([CH](=O)):2]=[O:4].[N$([NH2,NH3+1]([CX4,c])),N$([NH]([CX4,c])([CX4,c])):6]>>[N+0:6]-[C:2]=[O:4]"", ""reactants"": [""NC(=O)C(N)Cc1c(Sc2ncccc2[N+](=O)[O-])[nH]c2ccccc12"", ""NC(=N)NCCCC(N)C(=O)O""], ""product"": ""NC(=O)C(Cc1c(Sc2ncccc2[N+](=O)[O-])[nH]c2ccccc12)NC(=O)C(N)CCCN=C(N)N""}, {""reaction_number"": 2, ""reaction_template"": ""N-[NH;D2;+0:1]-[c:2]:[cH;D2;+0:3]:[c:4].O=[C;H0;D3;+0:5](-[#16:6])-[CH2;D2;+0:7]-[C:8]>>[#16:6]-[c;H0;D3;+0:5]1:[nH;D2;+0:1]:[c:2]:[c;H0;D3;+0:3](:[c:4]):[c;H0;D3;+0:7]:1-[C:8]"", ""reactants"": [""NNc1ccccc1"", ""NC(=O)C(N)CCC(=O)Sc1ncccc1[N+](=O)[O-]""], ""product"": ""NC(=O)C(N)Cc1c(Sc2ncccc2[N+](=O)[O-])[nH]c2ccccc12""}, {""reaction_number"": 3, ""reaction_template"": ""[Cl,OH,O-:3][C$(C(=O)([CX4,c])),C$([CH](=O)):2]=[O:4].[O$([OH]([CX4,c])),O$([OH]([CX4,c])([CX4,c])),S$([SH]([CX4,c])),S$([SH]([CX4,c])([CX4,c])):6]>>[*:6]-[C:2]=[O:4]"", ""reactants"": [""O=[N+]([O-])c1cccnc1S"", ""NC(=O)C(N)CCC(=O)O""], ""product"": ""NC(=O)C(N)CCC(=O)Sc1ncccc1[N+](=O)[O-]""}], ""building_blocks"": [""NC(=N)NCCCC(N)C(=O)O"", ""NNc1ccccc1"", ""O=[N+]([O-])c1cccnc1S"", ""NC(=O)C(N)CCC(=O)O""]}"
COCCOCCN1C(=O)Cc2cc(OC)ccc2C1COc1ccc(OC)cc1,reactant,valid,True,apply_fixes|fix_building_blocks|fix_step,validate_route|fix_building_blocks|fix_step|apply_fixes,True,1,649.1,,"{""reactions"": [{""reaction_number"": 1, ""reaction_template"": ""O-[CH2;D2;+0:1]-[C:2].[C:3]-[NH;D2;+0:4]-[C:5]=[O;D1;H0:6]>>[C:3]-[N;H0;D3;+0:4](-[CH2;D2;+0:1]-[C:2])-[C:5]=[O;D1;H0:6]"", ""reactants"": [""COCCOCCO"", ""COc1ccc(OCC2c3ccc(OC)cc3CC(=O)N2)cc1""], ""product"": ""COCCOCCN1C(=O)Cc2cc(OC)ccc2C1COc1ccc(OC)cc1""}], ""building_blocks"": [""COCCOCCO"", ""COc1ccc(OCC2c3ccc(OC)cc3CC(=O)N2)cc1""]}"
c1nc2nc(Nc3ccc(N4CCOCC4)cc3)[nH]c(NC3CCC3)c-2n1,reactant,reaction,False,apply_fixes|fix_building_blocks|fix_step,validate_route|fix_building_blocks|fix_step|apply_fixes,True,1,341.4,,"{""reactions"": [{""reaction_number"": 1, ""reaction_template"": ""Cl-[c;H0;D3;+0:1]1:[#7;a:2]:[c;H0;D3;+0:3]2:[#7;a:4]:[cH;D2;+0:5]:[n;H0;D2;+0:6]:[c:7]:[c;H0;D3;+0:8]:2:[nH;D2;+0:9]:1.[NH2;D1;+0:10]-[c:11]>>[c:11]-[NH;D2;+0:10]-[c;H0;D3;+0:5]1:[#7;a:4]:[c;H0;D3;+0:3]2:[#7;a:2]:[cH;D2;+0:1]:[n;H0;D2;+0:9]:[c;H0;D3;+0:8]-2:[c:7]:[nH;D2;+0:6]:1"", ""reactants"": [""Nc1ccc(N2CCOCC2)cc1"", ""Clc1nc2ncnc(NC3CCC3)c2[nH]1""], ""product"": ""c1nc2nc(Nc3ccc(N4CCOCC4)cc3)[nH]c(NC3CCC3)c-2n1""}], ""building_blocks"": [""Nc1ccc(N2CCOCC2)cc1"", ""Clc1nc2ncnc(NC3CCC3)c2[nH]1""]}"
CC12CCC3C(Cc4n[nH]c5c4C3(C)CCC5=O)C1CCC2=O,reactant,smiles,False,apply_fixes|fix_building_blocks|fix_smiles|fix_step|search_step_building_blocks,validateRoute|validate_route|fix_building_blocks|fix_smiles|fix_step|search_step_building_blocks|apply_fixes,True,1,601.7,,"{""reactions"": [{""reaction_number"": 1, ""reaction_template"": ""[C$(C(C)(=O)([CX4,OX2&H0])),C$(C(C)(#N)),N$([N+1](C)(=O)([O-1])):1][C$([CH]([C,N])([C,N])([CX4])),C$([CH2]([C,N])([C,N])):2][C$(C(C)(=O)([CX4,OX2&H0])),C$(C(C)(#N)),N$([N+1](C)(=O)([O-1])):3].[C$(C(C)(#N)),C$(C(C)([CX4,OX2&H0])([CX4,OX2&H0])([OX2&H0])),C$([CH](C)([CX4,OX2&H0])([OX2&H0])),C$([CH2](C)([OX2&H0])),C$(C(C)(=O)([OX2&H0])):6][CH:5]=[C$(C(=C)([CX4])([CX4])),C$([CH](=C)([CX4])),C$([CH2](=C)):4]>>[C:6][C:5][C:4][C:2]([C:1])[C:3]"", ""reactants"": [""CC12CCC3C(Cc4n[nH]c5c4C3(M)CCC5=O)C1CCC2=O"", ""CC1=CC(=O)CC1""], ""product"": ""CC12CCC3C(Cc4n[nH]c5c4C3(M)CCC5=O)C1CCC2=O""}], ""building_blocks"": [""CC1=CC(=O)CC1""]}"
COc1ccc(C)cc1-n1nnnc1SCC(=O)Nc1cc(C)on1,reactant,valid,True,apply_fixes|fix_building_blocks|fix_step,validate_route|fix_building_blocks|fix_step|fix_step|apply_fixes,True,1,337.8,,"{""reactions"": [{""reaction_number"": 1, ""reaction_template"": ""O-B(-O)-[c;H0;D3;+0:1](:[c:2]):[c:3].[#7;a:4]1:[#7;a:5]:[nH;D2;+0:6]:[n;H0;D2;+0:7]:[c:8]:1>>[c:2]:[c;H0;D3;+0:1](-[n;H0;D3;+0:7]1:[c:8]:[#7;a:4]:[#7;a:5]:[n;H0;D2;+0:6]:1):[c:3]"", ""reactants"": [""COc1ccc(C)cc1B(O)O"", ""Cc1cc(NC(=O)CSc2nn[nH]n2)no1""], ""product"": ""COc1ccc(C)cc1-n1nnnc1SCC(=O)Nc1cc(C)on1""}, {""reaction_number"": 2, ""reaction_template"": ""[#16:1]-[C;H0;D2;+0:2]#[N;H0;D1;+0:3]>>[#16:1]-[c;H0;D3;+0:2]1:[n;H0;D2;+0:3]:[n;H0;D2;+0]:[nH;D2;+0]:[n;H0;D2;+0]:1"", ""reactants"": [""Cc1cc(NC(=O)CSC#N)no1""], ""product"": ""Cc1cc(NC(=O)CSc2nn[nH]n2)no1""}], ""building_blocks"": [""COc1ccc(C)cc1B(O)O"", ""Cc1cc(NC(=O)CSC#N)no1""]}"
C=CC(=O)N1CCN(c2c3ccc(-c4cccc(F)c4)cc3nn2CCCN(C)C)CC1,reactant,reaction,False,apply_fixes|fix_building_blocks|fix_step,validate_route|fix_building_blocks|fix_step|fix_step|apply_fixes,True,1,574.7,,"{""reactions"": [{""reaction_number"": 1, ""reaction_template"": ""[NX3;!$(N[C,S]=[S,O,N]);$(N[#6]);!$(N[#7]);H1,H2:1].[#6:2][Cl,Br,I]>>[N:1][#6:2]"", ""reactants"": [""CN(C)CCCn1nc2cc(-c3cccc(F)c3)ccc2c1Cl"", ""C=CC(=O)N1CCNCC1""], ""product"": ""C=CC(=O)N1CCN(c2c3ccc(-c4cccc(F)c4)cc3nn2CCCN(C)C)CC1""}, {""reaction_number"": 2, ""reaction_template"": ""[#6;H0;D3;$([#6](~[#6])~[#6]):1]B(O)O.[#6;H0;D3;$([#6](~[#6])~[#6]):2][Cl,Br,I]>>[#6:2][#6:1]"", ""reactants"": [""CN(C)CCCn1nc2cc(Br)ccc2c1Cl"", ""OB(O)c1cccc(F)c1""], ""product"": ""CN(C)CCCn1nc2cc(-c3cccc(F)c3)ccc2c1Cl""}, {""reaction_number"": 3, ""reaction_template"": ""O=[C;H0;D3;+0:1]1-[CH2;D2;+0:2]-[C;H0;D3;+0:3](=O)-[CH;D3;+0:4](-[Br;D1;H0:5])-[CH2;D2;+0:6]-[C;H0;D3;+0:7]-1=O.[C:8]-[NH;D2;+0:9]-[NH2;D1;+0:10]>>[Br;D1;H0:5]-[c;H0;D3;+0:4]1:[cH;D2;+0:3]:[cH;D2;+0:2]:[c;H0;D3;+0:1]2:[c;H0;D3;+0:7](:[cH;D2;+0:6]:1):[n;H0;D2;+0:10]:[n;H0;D3;+0:9](-[C:8]):[c;H0;D3;+0]:2-[Cl;H0;D1;+0]"", ""reactants"": [""CN(C)CCCNN"", ""O=C1CC(=O)C(Br)CC1=O""], ""product"": ""CN(C)CCCn1nc2cc(Br)ccc2c1Cl""}], ""building_blocks"": [""C=CC(=O)N1CCNCC1"", ""OB(O)c1cccc(F)c1"", ""CN(C)CCCNN"", ""O=C1CC(=O)C(Br)CC1=O""]}"
Cc1nc2nc3c(c(O)n2n1)n(CCN1CCCCC1)c(=O)n3C1OC(CO)C(O)C1O,smiles,smiles,False,apply_fixes|fix_building_blocks|fix_step,validate_route|fix_building_blocks|fix_step|apply_fixes,True,1,404.7,,"{""reactions"": [{""reaction_number"": 1, ""reaction_template"": ""[c;r6:1](-[C;$(C=O):6]-[OH1]):[c;r6:2]-[C;H1,$(C-C):3]=[OD1].[NH2:4]-[NH1;$(N-[#6]);!$(NC=[O,S,N]):5]>>[c:1]1:[c:2]-[C:3]=[N:4]-[N:5]-[C:6]-1"", ""reactants"": [""NNCCN1CCCCC1"", ""Cc1nc(N)c(C(=O)O)n2c(=O)n(C3OC(CO)C(O)C3O)C(=O)Nc12""], ""product"": ""Cc1nc2nc3c(c(O)n2n1)n(CCN1CCCCC1)c(=O)n3C1OC(CO)C(O)C1O""}], ""building_blocks"": [""NNCCN1CCCCC1"", ""Cc1nc(N)c(C(=O)O)n2c(=O)n(C3OC(CO)C(O)C3O)C(=O)Nc12""]}"
CC(C)CC(=O)Nc1cccc(-c2cc(=O)n3nc(C(F)(F)F)c(-c4ccc(Cl)cc4)c3[nH]2)c1,reaction,timeout,False,,,,,616.7,exceeded 350s,
CCOC(=O)C1CCN(CC(C)(C)NS(=O)(=O)c2ccccc2)CC1,reactant,valid,True,apply_fixes|fix_building_blocks|fix_step,validate_route|validate_route|fix_building_blocks|fix_step|fix_step|apply_fixes,True,1,431.9,,"{""reactions"": [{""reaction_number"": 1, ""reaction_template"": ""[NX3;!$(N[C]=[S,O,N]);$(N[#6,S]);H1,H2:1].[#6:2][S:3](=[O:4])(=[O:5])[F,Cl,Br,I]>>[N:1][S:3](=[O:4])(=[O:5])[#6:2]"", ""reactants"": [""CCOC(=O)C1CCN(CC(C)(C)N)CC1"", ""O=S(=O)(Cl)c1ccccc1""], ""product"": ""CCOC(=O)C1CCN(CC(C)(C)NS(=O)(=O)c2ccccc2)CC1""}, {""reaction_number"": 2, ""reaction_template"": ""[O-]-[S;H0;D4;+0:1](=[O;D1;H0:2])(=[O;D1;H0:3])-[c:4]>>[Cl;H0;D1;+0]-[S;H0;D4;+0:1](=[O;D1;H0:2])(=[O;D1;H0:3])-[c:4]"", ""reactants"": [""O=S(=O)([O-])c1ccccc1""], ""product"": ""O=S(=O)(Cl)c1ccccc1""}], ""building_blocks"": [""CCOC(=O)C1CCN(CC(C)(C)N)CC1"", ""O=S(=O)([O-])c1ccccc1""]}"
C=C1C(O)CC(C(C)C)C2C1C1CC(C)(O)C(OC(C)=O)CCC(C)(OC(C)=O)C2O1,reaction,reaction,False,apply_fixes|fix_building_blocks|fix_step,validate_route|fix_building_blocks|fix_step|apply_fixes,True,1,376.2,,"{""reactions"": [{""reaction_number"": 1, ""reaction_template"": ""[C$(C(=C)([CX4,OX2,NX3])([CX4,OX2,NX3])),C$([CH](=C)([CX4,OX2,NX3])),C$([CH2](=C)):1]=[C$(C(=C)([CX4,OX2,NX3])([CX4,OX2,NX3])),C$([CH](=C)([CX4,OX2,NX3])),C$([CH2](=C)):2].[C$(C(=C)([CX4,OX2,NX3])([CX4,OX2,NX3])),C$([CH](=C)([CX4,OX2,NX3])),C$([CH2](=C)):3]=[C$([C](=C)(C)([CX4,OX2,NX3])),C$([CH](=C)(C)):4]-[C$([C](=C)(C)([CX4,OX2,NX3])),C$([CH](=C)(C)):5]=[C$(C(=C)([CX4,OX2,NX3])([CX4,OX2,NX3])),C$([CH](=C)([CX4,OX2,NX3])),C$([CH2](=C)):6]>>[C:1]1[C:2][C:3][C:4]=[C:5][C:6]1"", ""reactants"": [""C=C1C=CC(C(C)C)CC1O"", ""C=C(C)OC(C)=O""], ""product"": ""C=C1C(O)CC(C(C)C)C2C1C1CC(C)(O)C(OC(C)=O)CCC(C)(OC(C)=O)C2O1""}], ""building_blocks"": [""C=C1C=CC(C(C)C)CC1O"", ""C=C(C)OC(C)=O""]}"
CC(C)(O)C#Cc1ccc2c(c1)NC(=O)CC(c1cccc(C#N)c1)=N2,product,timeout,False,,,,,350.0,exceeded 350s,
CCc1cc(Oc2ccc(N3C(=O)NC(CC)C3=O)cn2)ccc1C#N,reactant,timeout,False,,,,,350.0,exceeded 350s,
CC(C)c1cc(O)n2nc(SCc3ccccc3)nc2n1,smiles,timeout,False,,,,,469.8,exceeded 350s,
CC1(C)NC(=O)C2CCCN2C(=O)C(Cc2ccccc2)NC(=O)C(N)CCCCCCCCNC(=O)C2CCCN2C(=O)C(CCCNC(=N)N)NC1=O,smiles,timeout,False,,,,,483.9,exceeded 350s,
Cc1cc2nn(CC(O)(Cn3cncn3)c3ccc(F)cc3F)nc2cc1C,product,reaction,False,apply_fixes|fix_building_blocks|fix_step,validate_route|validate_route|validate_route|fix_building_blocks|fix_step|apply_fixes,True,1,507.3,,"{""reactions"": [{""reaction_number"": 1, ""reaction_template"": ""[#6:1][C;H1,$([C]([#6])[#6]):2]=[OD1:3].[Cl,Br,I][#6;$([#6]~[#6]);!$([#6]([Cl,Br,I])[Cl,Br,I]);!$([#6]=O):4]>>[C:1][#6:2]([OH1:3])[#6:4]"", ""reactants"": [""Cc1cc2nn(CC(=O)Cn3cncn3)nc2cc1C"", ""Fc1ccc(I)c(F)c1""], ""product"": ""Cc1cc2nn(CC(O)(Cn3cncn3)c3ccc(F)cc3F)nc2cc1C""}, {""reaction_number"": 2, ""reaction_template"": ""Cl-[CH;D3;+0:1](-[CH3;D1;+0:2])-[C;H0;D3;+0:3](=O)-[CH2;D2;+0:4]-[C;H0;D3;+0:5](=O)-[C;D1;H3:6].[NH2;D1;+0:7]-[NH;D2;+0:8]-[C:9]-[C:10]=[O;D1;H0:11]>>[C;D1;H3:6]-[c;H0;D3;+0:5]1:[cH;D2;+0:4]:[c;H0;D3;+0:3]2:[n;H0;D2;+0:7]:[n;H0;D3;+0:8](-[C:9]-[C:10]=[O;D1;H0:11]):[n;H0;D2;+0]:[c;H0;D3;+0:1]:2:[cH;D2;+0:2]:[c;H0;D3;+0]:1-[C;H3;D1;+0]"", ""reactants"": [""NNCC(=O)Cn1cncn1"", ""CC(=O)CC(=O)C(C)Cl""], ""product"": ""Cc1cc2nn(CC(=O)Cn3cncn3)nc2cc1C""}], ""building_blocks"": [""Fc1ccc(I)c(F)c1"", ""NNCC(=O)Cn1cncn1"", ""CC(=O)CC(=O)C(C)Cl""]}"
[O-][n+]1onc(-c2ccc(Cl)cc2Cl)c1-c1ccc(Cl)cc1Cl,reactant,timeout,False,,,,,350.0,exceeded 350s,
CCCCC(NC(=O)c1ccccc1)C(=O)N(C)C(CCCCN)C(=O)NC(CCCN=C(N)N)C(=O)NC(C=O)CCCN=C(N)N,product,product,False,apply_fixes|fix_building_blocks|fix_step,validate_route|fix_building_blocks|fix_step|fix_step|fix_step|apply_fixes,True,1,612.1,,"{""reactions"": [{""reaction_number"": 1, ""reaction_template"": ""[Cl,OH,O-:3][C$(C(=O)([CX4,c])),C$([CH](=O)):2]=[O:4].[N$([NH2,NH3+1]([CX4,c])),N$([NH]([CX4,c])([CX4,c])):6]>>[N+0:6]-[C:2]=[O:4]"", ""reactants"": [""CCCCC(NC(=O)c1ccccc1)C(=O)O"", ""CN(C(=O)C(N)CCCN=C(N)N)C(CCCCN)C(=O)NC(CCCN=C(N)N)C(=O)O""], ""product"": ""CCCCC(NC(=O)c1ccccc1)C(=O)N(C)C(CCCCN)C(=O)NC(CCCN=C(N)N)C(=O)NC(C=O)CCCN=C(N)N""}, {""reaction_number"": 2, ""reaction_template"": ""[Cl,OH,O-:3][C$(C(=O)([CX4,c])),C$([CH](=O)):2]=[O:4].[N$([NH2,NH3+1]([CX4,c])),N$([NH]([CX4,c])([CX4,c])):6]>>[N+0:6]-[C:2]=[O:4]"", ""reactants"": [""NC(N)=NCCCC(N)C(=O)NC(CCCN=C(N)N)C(=O)O"", ""CNC(CCCCN)C(=O)O""], ""product"": ""CN(C(=O)C(N)CCCN=C(N)N)C(CCCCN)C(=O)NC(CCCN=C(N)N)C(=O)O""}, {""reaction_number"": 3, ""reaction_template"": ""[Cl,OH,O-:3][C$(C(=O)([CX4,c])),C$([CH](=O)):2]=[O:4].[N$([NH2,NH3+1]([CX4,c])),N$([NH]([CX4,c])([CX4,c])):6]>>[N+0:6]-[C:2]=[O:4]"", ""reactants"": [""NC(N)=NCCCC(N)C(=O)O"", ""NC(N)=NCCCC(=O)O""], ""product"": ""NC(N)=NCCCC(N)C(=O)NC(CCCN=C(N)N)C(=O)O""}], ""building_blocks"": [""CCCCC(NC(=O)c1ccccc1)C(=O)O"", ""CNC(CCCCN)C(=O)O"", ""NC(N)=NCCCC(N)C(=O)O"", ""NC(N)=NCCCC(=O)O""]}"
CCc1nn(CCCC(=O)N2CCN(c3ccc(OC)cc3)CC2)c(=O)c2cc3occc3n12,reaction,reaction,False,apply_fixes|fix_building_blocks|fix_step,validate_route|fix_building_blocks|fix_step|apply_fixes,True,1,296.2,,"{""reactions"": [{""reaction_number"": 1, ""reaction_template"": ""[Cl,OH,O-:3][C$(C(=O)([CX4,c])),C$([CH](=O)):2]=[O:4].[N$([NH2,NH3+1]([CX4,c])),N$([NH]([CX4,c])([CX4,c])):6]>>[N+0:6]-[C:2]=[O:4]"", ""reactants"": [""COc1ccc(N2CCNCC2)cc1"", ""CCc1nn(CCCC(=O)O)c(=O)c2cc3occc3n12""], ""product"": ""CCc1nn(CCCC(=O)N2CCN(c3ccc(OC)cc3)CC2)c(=O)c2cc3occc3n12""}, {""reaction_number"": 2, ""reaction_template"": ""C-C-[C;H0;D3;+0:1](=[O;D1;H0:2])-[c:3]:[#7;a:4]-[C;H0;D3;+0:5](=O)-[C:6].[C:7]-[NH;D2;+0:8]-[NH2;D1;+0:9]>>[C:6]-[c;H0;D3;+0:5]1:[#7;a:4]:[c:3]:[c;H0;D3;+0:1](=[O;D1;H0:2]):[n;H0;D3;+0:8](-[C:7]):[n;H0;D2;+0:9]:1"", ""reactants"": [""NNCCCC(=O)O"", ""CCC(=O)c1cc2occc2n1C(=O)CC""], ""product"": ""CCc1nn(CCCC(=O)O)c(=O)c2cc3occc3n12""}], ""building_blocks"": [""COc1ccc(N2CCNCC2)cc1"", ""NNCCCC(=O)O"", ""CCC(=O)c1cc2occc2n1C(=O)CC""]}"
OC(c1ccc(F)c(F)c1)c1nc(-c2csc3ccccc23)cs1,reactant,timeout,False,,,,,654.9,exceeded 350s,
CN1C2=C(C(c3ccc(Cl)cc3)Oc3ccccc32)C(c2ccc(Cl)cc2)n2ncnc21,smiles,reactant,False,apply_fixes|fix_building_blocks|fix_step,validate_route|fix_building_blocks|fix_step|apply_fixes|fix_step|apply_fixes,True,1,6267.0,,"{""reactions"": [{""reaction_number"": 1, ""reaction_template"": ""[c;r6:1](-[NH1;$(N-[#6]):2]):[c;r6:3](-[NH2:4]).[#6:6]-[C;R0:5](=[OD1])-[#8;H1,$(O-[CH3])]>>[c:3]2:[c:1]:[n:2]:[c:5](-[#6:6]):[n:4]2"", ""reactants"": [""CN1C2=C(C(O)c3ccc(Cl)cc3)C(C(=O)O)c3ccccc3N21"", ""Nc1ncnn1C1C(=O)Nc2ccc(Cl)cc21""], ""product"": ""CN1C2=C(C(c3ccc(Cl)cc3)Oc3ccccc32)C(c2ccc(Cl)cc2)n2ncnc21""}], ""building_blocks"": [""CN1C2=C(C(O)c3ccc(Cl)cc3)C(C(=O)O)c3ccccc3N21"", ""Nc1ncnn1C1C(=O)Nc2ccc(Cl)cc21""]}"
CC(C)(COP(=O)(O)OP(=O)(O)OCC1OC(n2cnc3c(N)ncnc32)C(O)C1OP(=O)(O)O)C(O)C(=O)NCCC(=O)NCCSC(CC(=O)c1ccc(Cl)cc1Cl)C(=O)O,product,timeout,False,,,,,350.1,exceeded 350s,
C=C(C)C1CCC(C)=CC1c1c(O)cc(CCCCC)c(Cc2c(CCCCC)cc(O)c(C3C=C(C)CCC3C(=C)C)c2O)c1O,reactant,reactant,False,apply_fixes|fix_building_blocks|fix_step,validate_route|fix_building_blocks|fix_step|fix_step|apply_fixes,True,1,407.4,,"{""reactions"": [{""reaction_number"": 1, ""reaction_template"": ""[C$([CH](=C)([CX4])),C$([CH2](=C)):2]=[C$(C(=C)([CX4])([CX4])),C$([CH](=C)([CX4])),C$([CH2](=C)):3].[Br,I:7][C$([CX4]([Br,I])),c$([c]([Br,I])):4]>>[C,c:4][C:2]=[C:3]"", ""reactants"": [""C=C(C)C1CCC(C)=CC1c1c(O)cc(CCCCC)c(Cc2c(CCCCC)cc(O)c(C3C=CC(C(=C)C)CC3)c2O)c1O"", ""C=CBr""], ""product"": ""C=C(C)C1CCC(C)=CC1c1c(O)cc(CCCCC)c(Cc2c(CCCCC)cc(O)c(C3C=C(C)CCC3C(=C)C)c2O)c1O""}, {""reaction_number"": 2, ""reaction_template"": ""C-[CH2;D2;+0:1]-[C:2]-[C:3]-[CH2;D2;+0:4]-[c:5]1:[c:6]:[c;H0;D3;+0:7](-[CH;D2;+0:8]=[C:9]-[CH;D3;+0:10]2-[C:11]-[CH2;D2;+0:12]-[C:13]=[CH;D2;+0:14]-[CH;D3;+0:15]-2-[c;H0;D3;+0:16]2:[c;H0;D3;+0:17](-O):[cH;D2;+0:18]:[c;H0;D3;+0:19](-[CH2;D2;+0:20]-[C:21]):[c;H0;D3;+0:22](-[CH2;D2;+0:23]-[CH;D2;+0:24]=[C;D1;H2:25]):[c;H0;D3;+0:26]:2-O):[c;H0;D3;+0:27](-O):[cH;D2;+0:28]:[c:29]:1.[CH2;D1;+0:30]=[CH;D2;+0:31]-[C;H0;D3;+0:32](-[CH3;D1;+0:33])=[CH;D2;+0:34]-[C;H0;D3;+0:35](=[CH2;D1;+0:36])-[CH3;D1;+0:37]>>[C:21]-[CH2;D2;+0:20]-[c;H0;D3;+0:36]1:[cH;D2;+0:30]:[c;H0;D3;+0:31](-[O;H1;D1;+0]):[c;H0;D3;+0:32](-[CH;D3;+0:33]2-[CH;D2;+0:8]=[C:9]-[CH2;D2;+0:10]-[C:11]-[CH;D3;+0:12]-2-[C:13]=[CH2;D1;+0:14]):[c;H0;D3;+0:34](-[O;H1;D1;+0]):[c;H0;D3;+0:35]:1-[CH2;D2;+0:37]-[c;H0;D3;+0:28]1:[c:29]:[c:5](-[CH;D3;+0:4]2-[C:3]-[C:2]-[CH;D3;+0:1](-[C;H0;D3;+0:24](=[C;D1;H2:25])-[CH3;D1;+0:23])-[CH;D2;+0:26]=[CH;D2;+0:22]-2):[c:6]:[cH;D2;+0:7]:[c;H0;D3;+0:27]:1-[CH2;D2;+0:15]-[CH2;D2;+0:16]-[CH2;D2;+0:17]-[CH2;D2;+0:18]-[CH3;D1;+0:19]"", ""reactants"": [""C=CC(C)=CC(=C)C"", ""C=CCc1c(CCCCC)cc(O)c(C2C=C(C)CCC2C(C)=Cc2c(O)c(CCCCC)c(O)cc2O)c1O""], ""product"": ""C=C(C)C1CCC(C)=CC1c1c(O)cc(CCCCC)c(Cc2c(CCCCC)cc(O)c(C3C=CC(C(=C)C)CC3)c2O)c1O""}], ""building_blocks"": [""C=CBr"", ""C=CC(C)=CC(=C)C"", ""C=CCc1c(CCCCC)cc(O)c(C2C=C(C)CCC2C(C)=Cc2c(O)c(CCCCC)c(O)cc2O)c1O""]}"
COC1C=C2C3CN(Cc4cc5c(cc43)OCO5)C2CC1OC,smiles,timeout,False,,,,,477.4,exceeded 350s,
CN(C)CCNC(=O)C1=Nc2cccc3cccc(c23)N1,reactant,valid,True,apply_fixes|fix_building_blocks|fix_step,validate_route|fix_building_blocks|fix_step|apply_fixes,True,1,290.0,,"{""reactions"": [{""reaction_number"": 1, ""reaction_template"": ""[NX3;!$(N[C]=[S,O,N]);$(N[#6,S]);!$(N[#7]);H1,H2:1].[#6:4][C:5](=[O:6])[OH,O-]>>[N:1][C:5](=[O:6])[#6:4]"", ""reactants"": [""CN(C)CCN"", ""O=C(O)C1=Nc2cccc3cccc(c23)N1""], ""product"": ""CN(C)CCNC(=O)C1=Nc2cccc3cccc(c23)N1""}], ""building_blocks"": [""CN(C)CCN"", ""O=C(O)C1=Nc2cccc3cccc(c23)N1""]}"
CCCN1CC(=O)N(C)c2ccccc2C1=O,reactant,valid,True,apply_fixes|fix_building_blocks|fix_step,validate_route|fix_building_blocks|fix_step|apply_fixes,True,1,354.9,,"{""reactions"": [{""reaction_number"": 1, ""reaction_template"": ""C-C-C-N1-C-[C;H0;D3;+0:1](=[O;D1;H0:2])-[NH;D2;+0:3]-[C:4]-[c;H0;D3;+0:5]2:[cH;D2;+0:6]:c:c:c:c:2-1.[O;D1;H0:7]=[C:8]1-[#7:9]-[c:10]:[c;H0;D3;+0:11](:[c:12])-O-C-[CH2;D2;+0:13]-1>>[CH3;D1;+0:6]-[CH2;D2;+0:5]-[C:4]-[N;H0;D3;+0:3]1-[CH2;D2;+0:13]-[C:8](=[O;D1;H0:7])-[#7:9]-[c:10]:[c;H0;D3;+0:11](:[c:12])-[C;H0;D3;+0:1]-1=[O;D1;H0:2]"", ""reactants"": [""CCCN1CC(=O)NCc2ccccc21"", ""CN1C(=O)CCOc2ccccc21""], ""product"": ""CCCN1CC(=O)N(C)c2ccccc2C1=O""}], ""building_blocks"": [""CCCN1CC(=O)NCc2ccccc21"", ""CN1C(=O)CCOc2ccccc21""]}"
CC(C)N(C)c1nc2cc(C(=O)O)ccc2nc1-c1ccc(-c2ccccc2)o1,reactant,timeout,False,,,,,350.0,exceeded 350s,
c1c(CN2CCCC2)nc2n1CCN(CC1CC1)C2,product,exception,False,,,,,277.7,ValueError: ChemicalParserException: Number of reactants provided does not match number of reactant templates.,
CCOC(=O)N1CCC2(CC1)OOC1(O2)C2CC3CC(C2)CC1C3,smiles,timeout,False,,,,,560.4,exceeded 350s,
CC(=O)OCC1OC(n2c(N)c(C#N)c(-c3cccc(Cl)c3)c(C#N)c2=S)C(OC(C)=O)C(OC(C)=O)C1OC(C)=O,product,timeout,False,,,,,350.0,exceeded 350s,
COC(=O)C(C)NP(=O)(OCC1C=CC(Cn2cc(C)c(=O)[nH]c2=O)O1)Oc1ccccc1,reaction,timeout,False,,,,,350.0,exceeded 350s,
COc1cc(C=NCc2ccco2)ccc1O,reactant,valid,True,apply_fixes|fix_building_blocks|fix_step,validate_route|validate_route|fix_building_blocks|fix_step|apply_fixes,True,1,469.2,,"{""reactions"": [{""reaction_number"": 1, ""reaction_template"": ""[c:1]Br.[C:2]([B])=[#7:3]>>[c:1][C:2]=[#7:3]"", ""reactants"": [""COc1cc(Br)ccc1O"", ""CC1(C)OB(C=NCc2ccco2)OC1(C)C""], ""product"": ""COc1cc(C=NCc2ccco2)ccc1O""}], ""building_blocks"": [""COc1cc(Br)ccc1O"", ""CC1(C)OB(C=NCc2ccco2)OC1(C)C""]}"
CCN(CC)C(=O)C(=O)NC(C)(C)c1nc(OC)c(OS(C)(=O)=O)c(C(=O)NCc2ccc(F)cc2)n1,reactant,timeout,False,,,,,350.0,exceeded 350s,
O=C(O)c1cn(C2CC2)c2c3c(c(F)cc2c1=O)N1CCCC1CN=C3,smiles,timeout,False,,,,,643.3,exceeded 350s,
Cc1cc2nc(CCc3nc4c(C)ncc(C)n4n3)ccc2cc1F,reactant,timeout,False,,,,,350.0,exceeded 350s,
O=S(=O)(c1ccc(S(=O)(=O)N2CCCC3(CCCCC3)C2)cc1)N1CCCCC1,reactant,valid,True,apply_fixes|fix_building_blocks|fix_step,validate_route|fix_building_blocks|fix_step|apply_fixes,True,1,385.1,,"{""reactions"": [{""reaction_number"": 1, ""reaction_template"": ""[NX3;!$(N[C]=[S,O,N]);$(N[#6,S]);H1,H2:1].[#6:2][S:3](=[O:4])(=[O:5])[F,Cl,Br,I]>>[N:1][S:3](=[O:4])(=[O:5])[#6:2]"", ""reactants"": [""C1CCC2(CC1)CCCNC2"", ""O=S(=O)(c1ccc(S(=O)(=O)Cl)cc1)N1CCCCC1""], ""product"": ""O=S(=O)(c1ccc(S(=O)(=O)N2CCCC3(CCCCC3)C2)cc1)N1CCCCC1""}], ""building_blocks"": [""C1CCC2(CC1)CCCNC2"", ""O=S(=O)(c1ccc(S(=O)(=O)Cl)cc1)N1CCCCC1""]}"
CN(C(=O)Cc1ccc(Cl)c(Cl)c1)C(CN1CCCC1)c1cccc(NC(=O)CNC(=O)CNC(=O)CNC(=O)CN=C(S)N=C2C=CC(=C3c4ccc(O)cc4Oc4cc(O)ccc43)C(C(=O)O)=C2)c1,reaction,timeout,False,,,,,350.1,exceeded 350s,
COc1ccc(C2CC(c3cc(OC)c(OC)c(OC)c3)=NO2)cc1O,reactant,timeout,False,,,,,350.0,exceeded 350s,
C=CCSc1nnc(-c2ccc([N+](=O)[O-])cc2)o1,reactant,timeout,False,,,,,482.4,exceeded 350s,
CC(C)NC(=O)CSc1nc(Cc2cccs2)nc2ccccc12,reaction,reaction,False,apply_fixes|fix_building_blocks|fix_step,validate_route|fix_building_blocks|fix_step|apply_fixes,True,1,350.2,,"{""reactions"": [{""reaction_number"": 1, ""reaction_template"": ""[#6:6]-[C;R0:1](=[OD1])-[CH1;R0:5](-[#6:7])-[*;#17,#35,#53].[NH2:2]-[C:3]=[SD1:4]>>[c:1]2(-[#6:6]):[n:2]:[c:3]:[s:4][c:5]([#6:7]):2"", ""reactants"": [""CC(C)NC(=O)CSC(N)=S"", ""O=C(Cc1cccs1)C(Br)c1ccccc1""], ""product"": ""CC(C)NC(=O)CSc1nc(Cc2cccs2)nc2ccccc12""}], ""building_blocks"": [""CC(C)NC(=O)CSC(N)=S"", ""O=C(Cc1cccs1)C(Br)c1ccccc1""]}"
COC(=O)c1cc(OC)c(O)c2oc3c(c(=O)c12)C(OC)OC(C)C3,reactant,reactant,False,apply_fixes|fix_building_blocks|fix_step,validate_route|fix_building_blocks|fix_step|apply_fixes,True,1,343.1,,"{""reactions"": [{""reaction_number"": 1, ""reaction_template"": ""[Cl:9][C:7](=[O:8])-[c:3]1[c:2][c:1][c:6][c:5][c:4]1.[C$([CH2](C)([CX4])),C$([CH3](C)):18]-[C:16](=[O:17])-[c:14]1[c:13][c:12][c:11][c:10][c:15]1-[OH:19]>>[O:17]=[C:16]-1-[C:18]=[C:7](-[O:8]-[c:15]2[c:10][c:11][c:12][c:13][c:14]-12)-[c:3]1[c:2][c:1][c:6][c:5][c:4]1"", ""reactants"": [""COC1CC(=O)c2c(O)c(OC)cc(C(=O)O)c2O1"", ""COC(=O)c1cc(OC)c(O)c(O)c1O""], ""product"": ""COC(=O)c1cc(OC)c(O)c2oc3c(c(=O)c12)C(OC)OC(C)C3""}], ""building_blocks"": [""COC1CC(=O)c2c(O)c(OC)cc(C(=O)O)c2O1"", ""COC(=O)c1cc(OC)c(O)c(O)c1O""]}"
COc1ccc2cc(C(CC(C)=O)=C3SC(=O)NC3=O)ccc2c1,reactant,valid,True,apply_fixes|fix_building_blocks|fix_step,validate_route|validate_route|fix_building_blocks|fix_step|apply_fixes,True,1,535.4,,"{""reactions"": [{""reaction_number"": 1, ""reaction_template"": ""Br-[c;H0;D3;+0:1](:[c:2]):[c:3].[#16:4]-[C:5](=[CH;D2;+0:6]-[C:7]-[C:8](-[C;D1;H3:9])=[O;D1;H0:10])-[C:11](=[O;D1;H0:12])-[#7:13]>>[#16:4]-[C:5](=[C;H0;D3;+0:6](-[C:7]-[C:8](-[C;D1;H3:9])=[O;D1;H0:10])-[c;H0;D3;+0:1](:[c:2]):[c:3])-[C:11](=[O;D1;H0:12])-[#7:13]"", ""reactants"": [""COc1ccc2cc(Br)ccc2c1"", ""CC(=O)CC=C1SC(=O)NC1=O""], ""product"": ""COc1ccc2cc(C(CC(C)=O)=C3SC(=O)NC3=O)ccc2c1""}], ""building_blocks"": [""COc1ccc2cc(Br)ccc2c1"", ""CC(=O)CC=C1SC(=O)NC1=O""]}"
CCC(C)C1OC2(CCC1C)CC(O)CC(CC=C(C)C(OC1CC(OC)C(O)C(C)O1)C(C)CO)O2,reaction,timeout,False,,,,,658.5,exceeded 350s,
Nc1nc2c(ncn2C2OC3COP(=O)(S)OC4C(COP(=O)(S)OC2C3O)OC(n2cnc3c(N)ncnc32)C4F)c(=O)[nH]1,reactant,reactant,False,apply_fixes|fix_building_blocks|fix_step,validate_route|fix_building_blocks|fix_step|apply_fixes,True,1,398.1,,"{""reactions"": [{""reaction_number"": 1, ""reaction_template"": ""[NH2,NH3+]-[C$([CX4](N)([c,C])([c,C])([c,C])),C$([CH](N)([c,C])([c,C])),C$([CH2](N)([c,C])),C$([CH3](N)):2].[NH2:12]-[c:7]1[c:6][c:5][c:4][c:3][c:8]1-[C:9](-[OH,O-:11])=[O:10]>>[C:2]-[n+0]-1[c:13][n:12][c:7]2[c:6][c:5][c:4][c:3][c:8]2[c:9]-1=[O:10]"", ""reactants"": [""Nc1ncnc(N)c1N"", ""Nc1nc2c(ncn2C2OC3COP(=O)(S)OC4C(COP(=O)(S)OC2C3O)OC(N)C4F)c(=O)[nH]1""], ""product"": ""Nc1nc2c(ncn2C2OC3COP(=O)(S)OC4C(COP(=O)(S)OC2C3O)OC(n2cnc3c(N)ncnc32)C4F)c(=O)[nH]1""}], ""building_blocks"": [""Nc1ncnc(N)c1N"", ""Nc1nc2c(ncn2C2OC3COP(=O)(S)OC4C(COP(=O)(S)OC2C3O)OC(N)C4F)c(=O)[nH]1""]}"
CSc1nn2cc3c(nc2c1S(=O)(=O)c1ccccc1)CCCC3,smiles,smiles,False,apply_fixes|fix_building_blocks|fix_step,validate_route|validate_route|fix_building_blocks|fix_step|apply_fixes|fix_step|apply_fixes,True,1,603.2,,"{""reactions"": [{""reaction_number"": 1, ""reaction_template"": ""[NH2,NH3+:3]-[N$([NH](N)([CX4])):2].[C$([CH](C)(C)([CX4])),C$([CH2](C)(C)):6](-[C$(C(=O)(C)([CX4])),C$([CH](=O)(C)):5]=[O:9])-[C$(C(=O)(C)([CX4])),C$([CH](=O)(C)):7]=[O:10]>>[c:7]1[n:3][n:2][c:5][c:6]1"", ""reactants"": [""O=C1CCCCC(=O)C1"", ""CSc1nn2cc(C=O)c(N)c2c1S(=O)(=O)c1ccccc1""], ""product"": ""CSc1nn2cc3c(nc2c1S(=O)(=O)c1ccccc1)CCCC3""}], ""building_blocks"": [""O=C1CCCCC(=O)C1"", ""CSc1nn2cc(C=O)c(N)c2c1S(=O)(=O)c1ccccc1""]}"
Cc1cn(C2OC(CO[Si](C)(C)C(C)(C)C)C3(OS(=O)(=O)C=C3N)C2O[Si](C)(C)C(C)(C)C)c(=O)n(CCc2ccccc2)c1=O,reactant,valid,True,apply_fixes|fix_building_blocks|fix_step,validate_route|fix_building_blocks|fix_step|apply_fixes,True,1,495.7,,"{""reactions"": [{""reaction_number"": 1, ""reaction_template"": ""C-C(-C)(-C)-[Si;H0;D4;+0:1](-[C;D1;H3:2])(-[C;D1;H3:3])-[#8:4]-[C:5]1-[CH;D3;+0:6](-[CH2;D2;+0:7]-[#8:8])-[#8:9]-[CH;D3;+0:10](-O-[Si](-C)(-C)-C(-C)(-C)-C)-[C:11]-1(-[#8:12])-[C:13]=[C:14].C-C(-C)(-C)-[Si](-C)(-C)-O-[CH;D3;+0:15]1-C(-[n;H0;D3;+0:16](:[c:17]):[c:18]:[#7;a:19])-O-[CH;D3;+0:20](-C-O)-[C;H0;D4;+0:21]-12-O-S(=O)(=O)-C=[C;H0;D3;+0:22]-2-N>>[#7;a:19]:[c:18]:[n;H0;D3;+0:16](-[CH;D3;+0:6]1-[#8:9]-[CH;D3;+0:10](-[CH2;D2;+0:7]-[#8:8])-[C:11](-[#8:12])(-[C:13]=[C:14])-[C:5]-1-[#8:4]-[Si;H0;D4;+0:1](-[C;D1;H3:2])(-[C;D1;H3:3])-[C;H0;D4;+0:21](-[CH3;D1;+0:20])(-[CH3;D1;+0:22])-[CH3;D1;+0:15]):[c:17]"", ""reactants"": [""CC(C)(C)[Si](C)(C)OCC1OC(O[Si](C)(C)C(C)(C)C)C2(OS(=O)(=O)C=C2N)C1O[Si](C)(C)C(C)(C)C"", ""Cc1cn(C2OC(CO)C3(OS(=O)(=O)C=C3N)C2O[Si](C)(C)C(C)(C)C)c(=O)n(CCc2ccccc2)c1=O""], ""product"": ""Cc1cn(C2OC(CO[Si](C)(C)C(C)(C)C)C3(OS(=O)(=O)C=C3N)C2O[Si](C)(C)C(C)(C)C)c(=O)n(CCc2ccccc2)c1=O""}], ""building_blocks"": [""CC(C)(C)[Si](C)(C)OCC1OC(O[Si](C)(C)C(C)(C)C)C2(OS(=O)(=O)C=C2N)C1O[Si](C)(C)C(C)(C)C"", ""Cc1cn(C2OC(CO)C3(OS(=O)(=O)C=C3N)C2O[Si](C)(C)C(C)(C)C)c(=O)n(CCc2ccccc2)c1=O""]}"
O=c1c(C(c2ccccn2)c2c(O)oc3ccccc3c2=O)c(O)oc2ccccc12,reactant,reaction,False,apply_fixes|fix_building_blocks|fix_step,validate_route|validate_route|fix_building_blocks|fix_step|apply_fixes,True,1,497.4,,"{""reactions"": [{""reaction_number"": 1, ""reaction_template"": ""C-C-[O;H0;D2;+0:1]-[C;H0;D3;+0:2](=[O;H0;D1;+0:3])-C(-C(-[c;H0;D3;+0:4](:[c:5]):[c:6]:[#8;a:7])-c1:[n;H0;D2;+0:8]:[c:9]:[c:10]:[cH;D2;+0:11]:c:1)-C(-O)=O.O-[c;H0;D3;+0:12]1:[c:13]:[c:14]:[c;H0;D3;+0:15](:[c:16]):[cH;D2;+0:17]:[c;H0;D3;+0:18](-O):[cH;D2;+0:19]:1>>[#8;a:7]:[c:6]:[c;H0;D3;+0:4](-[CH;D3;+0:19](-[c;H0;D3;+0:12]1:[c:13]:[c:14]:[c;H0;D3;+0:15](:[c:16]):[o;H0;D2;+0:3]:[c;H0;D3;+0:2]:1-[OH;D1;+0:1])-[c;H0;D3;+0:18]1:[cH;D2;+0:17]:[cH;D2;+0:11]:[c:10]:[c:9]:[n;H0;D2;+0:8]:1):[c:5]"", ""reactants"": [""O=c1c(O)cc(O)cc2ccccc12"", ""CCOC(=O)C(C(=O)O)C(c1ccccn1)c1c(O)oc2ccccc2c1=O""], ""product"": ""O=c1c(C(c2ccccn2)c2c(O)oc3ccccc3c2=O)c(O)oc2ccccc12""}], ""building_blocks"": [""O=c1c(O)cc(O)cc2ccccc12"", ""CCOC(=O)C(C(=O)O)C(c1ccccn1)c1c(O)oc2ccccc2c1=O""]}"
CN1CCN(C(=O)c2ccc[nH]2)CC12CCC(=O)N(CC1CC1)CC2,smiles,timeout,False,,,,,658.3,exceeded 350s,
C#CCN1C(=O)C(=O)c2ccccc21,reactant,reactant,False,apply_fixes|fix_building_blocks|fix_step,validate_route|fix_building_blocks|retro_search|validate_route|fix_building_blocks|fix_step|apply_fixes,True,1,542.5,,"{""reactions"": [{""reaction_number"": 1, ""reaction_template"": ""[OH:2]-[$([CX4]),c:1]>>[Br:3][C,c:1]"", ""reactants"": [""C#CCN1C(=O)C(=O)c2ccccc21""], ""product"": ""C#CCN1C(=O)C(=O)c2ccccc21""}], ""building_blocks"": []}"
CC(CN1C(=O)c2c3c(c(O)c(=O)n2C12CCC1CC12)C(=O)N(Cc1ccc(F)c(Cl)c1)CC3)OC(=O)C(N)CCCCN,reaction,valid,True,apply_fixes|fix_building_blocks|fix_step,validate_route|fix_building_blocks|fix_step|apply_fixes,True,1,440.7,,"{""reactions"": [{""reaction_number"": 1, ""reaction_template"": ""[OH,O-]-[C$(C(=O)(O)([CX4,c])):2]=[O:3].[OH:8]-[C$([CH](O)([CX4,c])([CX4,c])),C$([CH2](O)([CX4,c])),C$([CH3](O)):6]>>[C:6][O]-[C:2]=[O:3]"", ""reactants"": [""NCCCCC(N)C(=O)O"", ""CC(O)CN1C(=O)c2c3c(c(O)c(=O)n2C12CCC1CC12)C(=O)N(Cc1ccc(F)c(Cl)c1)CC3""], ""product"": ""CC(CN1C(=O)c2c3c(c(O)c(=O)n2C12CCC1CC12)C(=O)N(Cc1ccc(F)c(Cl)c1)CC3)OC(=O)C(N)CCCCN""}, {""reaction_number"": 2, ""reaction_template"": ""O-[CH2;D2;+0:1]-[c:2].[C:3]-[NH;D2;+0:4]-[C:5]=[O;D1;H0:6]>>[C:3]-[N;H0;D3;+0:4](-[CH2;D2;+0:1]-[c:2])-[C:5]=[O;D1;H0:6]"", ""reactants"": [""OCc1ccc(F)c(Cl)c1"", ""CC(O)CN1C(=O)c2c3c(c(O)c(=O)n2C12CCC1CC12)C(=O)NCC3""], ""product"": ""CC(O)CN1C(=O)c2c3c(c(O)c(=O)n2C12CCC1CC12)C(=O)N(Cc1ccc(F)c(Cl)c1)CC3""}], ""building_blocks"": [""NCCCCC(N)C(=O)O"", ""OCc1ccc(F)c(Cl)c1"", ""CC(O)CN1C(=O)c2c3c(c(O)c(=O)n2C12CCC1CC12)C(=O)NCC3""]}"
COc1cccc(C(c2nnnn2-c2ccc3c(c2)OCCO3)N2CCC(n3c(O)nc4ccccc43)CC2)c1OC,reaction,reaction,False,apply_fixes|fix_building_blocks|fix_step,validate_route|fix_building_blocks|fix_step|apply_fixes,True,1,464.2,,"{""reactions"": [{""reaction_number"": 1, ""reaction_template"": ""[C$(C(=O)([CX4,c])([CX4,c])),C$([CH](=O)([CX4,c])):1]=[O:2].[N$([NH2,NH3+1]([CX4,c])),N$([NH]([CX4,c])([CX4,c])):3]>>[N+0:3][C:1]"", ""reactants"": [""Oc1nc2ccccc2n1C1CCNCC1"", ""COc1cccc(C(=O)c2nnnn2-c2ccc3c(c2)OCCO3)c1OC""], ""product"": ""COc1cccc(C(c2nnnn2-c2ccc3c(c2)OCCO3)N2CCC(n3c(O)nc4ccccc43)CC2)c1OC""}, {""reaction_number"": 2, ""reaction_template"": ""Cl-[c;H0;D3;+0:1](:[c:2]):[c:3].[N;H0;D1;+0:4]#[C;H0;D2;+0:5]-[C:6]=[O;D1;H0:7]>>[O;D1;H0:7]=[C:6]-[c;H0;D3;+0:5]1:[n;H0;D2;+0:4]:[n;H0;D2;+0]:[n;H0;D2;+0]:[n;H0;D3;+0]:1-[c;H0;D3;+0:1](:[c:2]):[c:3]"", ""reactants"": [""COc1cccc(C(=O)C#N)c1OC"", ""Clc1ccc2c(c1)OCCO2""], ""product"": ""COc1cccc(C(=O)c2nnnn2-c2ccc3c(c2)OCCO3)c1OC""}], ""building_blocks"": [""Oc1nc2ccccc2n1C1CCNCC1"", ""COc1cccc(C(=O)C#N)c1OC"", ""Clc1ccc2c(c1)OCCO2""]}"
NCCCC(NC(=O)OCc1ccccc1)C(=O)N1CCCC1,product,product,False,apply_fixes|fix_building_blocks,validate_route|fix_building_blocks|apply_fixes,True,1,409.3,,"{""reactions"": [{""reaction_number"": 1, ""reaction_template"": ""[Cl,OH,O-:3][C$(C(=O)([CX4,c])),C$([CH](=O)):2]=[O:4].[N$([NH2,NH3+1]([CX4,c])),N$([NH]([CX4,c])([CX4,c])):6]>>[N+0:6]-[C:2]=[O:4]"", ""reactants"": [""NCCCC(NC(=O)OCc1ccccc1)C(=O)O"", ""C1CNCNC1""], ""product"": ""NCCCC(NC(=O)OCc1ccccc1)C(=O)N1CCCC1""}], ""building_blocks"": [""NCCCC(NC(=O)OCc1ccccc1)C(=O)O"", ""C1CNCNC1""]}"
NC(=S)NN=C(c1cccc(Br)c1)c1cc(O)cc(Br)c1,product,valid,True,apply_fixes|fix_building_blocks|fix_step,validate_route|fix_building_blocks|fix_step|apply_fixes,True,1,303.9,,"{""reactions"": [{""reaction_number"": 1, ""reaction_template"": ""Br-[c;H0;D3;+0:1](:[c:2]):[c:3].Cl-[C;H0;D3;+0:4](-[c:5])=[#7:6]-[#7:7]>>[#7:7]-[#7:6]=[C;H0;D3;+0:4](-[c:5])-[c;H0;D3;+0:1](:[c:2]):[c:3]"", ""reactants"": [""Oc1cc(Br)cc(Br)c1"", ""NC(=S)NN=C(Cl)c1cccc(Br)c1""], ""product"": ""NC(=S)NN=C(c1cccc(Br)c1)c1cc(O)cc(Br)c1""}], ""building_blocks"": [""Oc1cc(Br)cc(Br)c1"", ""NC(=S)NN=C(Cl)c1cccc(Br)c1""]}"
NC1(Cc2ccccc2)C(=O)Nc2ccccc21,product,timeout,False,,,,,350.0,exceeded 350s,
CN(C)CCOc1ccc(Cn2c3ccccc3c3sc4cc(O)ccc4c32)cc1,smiles,timeout,False,,,,,613.9,exceeded 350s,
CSc1ccc(S(=O)(=O)Nc2c(C)n(C)n(-c3ccccc3)c2=O)cc1,reaction,reaction,False,apply_fixes|fix_building_blocks,validate_route|validate_route|validate_route|fix_building_blocks|apply_fixes,True,2,664.4,,"{""reactions"": [{""reaction_number"": 1, ""reaction_template"": ""[c:1]B(O)O.[nH1;+0;r5;!$(n[#6]=[O,S,N]);!$(n~n~n);!$(n~n~c~n);!$(n~c~n~n):2]>>[c:1][n:2]"", ""reactants"": [""CSc1ccc(S(=O)(=O)Nc2c(C)[nH]n(-c3ccccc3)c2=O)cc1"", ""CC1(C)OB(c2ccccc2)OC1(C)C""], ""product"": ""CSc1ccc(S(=O)(=O)Nc2c(C)n(C)n(-c3ccccc3)c2=O)cc1""}], ""building_blocks"": [""CSc1ccc(S(=O)(=O)Nc2c(C)[nH]n(-c3ccccc3)c2=O)cc1"", ""CC1(C)OB(c2ccccc2)OC1(C)C""]}"
CC(=O)NC(CCCN)C(=O)NC(=O)C(CCCNC(=N)N)NCCCC1CCN(CC(=O)N2c3ccccc3NC(=O)c3ccccc32)CC1,reaction,timeout,False,,,,,350.0,exceeded 350s,
Cc1ccc2c(n1)C(=O)c1c(O)ccc(O)c1C2=O,product,timeout,False,,,,,350.0,exceeded 350s,
CCOC(=O)C1CCC(c2ccc(N)cc2)c2ccccc21,reactant,timeout,False,,,,,350.0,exceeded 350s,
CC(=N)C(C#N)=C(O)CSc1nc2cc(C)ccc2[nH]1,reactant,reaction,False,apply_fixes|fix_building_blocks|fix_step,validate_route|fix_building_blocks|fix_step|apply_fixes,True,1,391.9,,"{""reactions"": [{""reaction_number"": 1, ""reaction_template"": ""Cl-[CH2;D2;+0:1]-[#16:2].[C:3]=[C;H0;D2;+0:4]=[O;H0;D1;+0:5]>>[#16:2]-[CH2;D2;+0:1]-[C;H0;D3;+0:4](=[C:3])-[OH;D1;+0:5]"", ""reactants"": [""CC(=N)C(C#N)=C=O"", ""Cc1ccc2[nH]c(SCCl)nc2c1""], ""product"": ""CC(=N)C(C#N)=C(O)CSc1nc2cc(C)ccc2[nH]1""}], ""building_blocks"": [""CC(=N)C(C#N)=C=O"", ""Cc1ccc2[nH]c(SCCl)nc2c1""]}"
CS(=O)(=O)c1cc(C#N)ccc1C1C2=C(CCC2=O)N(c2cccc(C(F)(F)F)c2)C(=O)N1CCCO,reactant,reactant,False,apply_fixes|fix_building_blocks|fix_step,validate_route|fix_building_blocks|fix_step|apply_fixes,True,1,440.5,,"{""reactions"": [{""reaction_number"": 1, ""reaction_template"": ""[C;H1&$(C([#6])[#6]),H2&$(C[#6]):1][OH1].[NH1;$(N(C=O)C=O):2]>>[C:1][N:2]"", ""reactants"": [""O=C1NC(=O)N(c2cccc(C(F)(F)F)c2)C2=C1CCC2=O"", ""CS(=O)(=O)c1cc(C#N)ccc1C1C(=O)NCO1""], ""product"": ""CS(=O)(=O)c1cc(C#N)ccc1C1C(=O)N1CCCO""}, {""reaction_number"": 2, ""reaction_template"": ""[Cl,I,Br:7][c:1]1[c:2][c:3][c:4][c:5][c:6]1>>[N:9]#[C:8][c:1]1[c:2][c:3][c:4][c:5][c:6]1"", ""reactants"": [""CS(=O)(=O)c1cc(Br)ccc1C1C(=O)NCO1""], ""product"": ""CS(=O)(=O)c1cc(C#N)ccc1C1C(=O)NCO1""}], ""building_blocks"": [""O=C1NC(=O)N(c2cccc(C(F)(F)F)c2)C2=C1CCC2=O"", ""CS(=O)(=O)c1cc(Br)ccc1C1C(=O)NCO1""]}"
COc1ccc2c3ccnc(C)c3n(CCCCCl)c2c1,reactant,exception,False,,,,,362.5,UnexpectedModelBehavior: Tool 'fix_step' exceeded max retries count of 1,
COC1COCCC1NC1CC2CN(C(=O)C#CC3CC3)CC2(C(=O)N2CCc3ncc(C(F)(F)F)cc3C2)C1,reaction,timeout,False,,,,,350.0,exceeded 350s,
O=C(CSc1cccs1)c1ccc2c(c1)OCCO2,reactant,valid,True,apply_fixes|fix_building_blocks|fix_step,validate_route|validate_route|fix_building_blocks|fix_step|apply_fixes,True,1,425.0,,"{""reactions"": [{""reaction_number"": 1, ""reaction_template"": ""I-[CH2;D2;+0:1]-[#16:2].O-[C;H0;D3;+0:3](=[O;D1;H0:4])-[c:5]>>[#16:2]-[CH2;D2;+0:1]-[C;H0;D3;+0:3](=[O;D1;H0:4])-[c:5]"", ""reactants"": [""ICSc1cccs1"", ""O=C(O)c1ccc2c(c1)OCCO2""], ""product"": ""O=C(CSc1cccs1)c1ccc2c(c1)OCCO2""}], ""building_blocks"": [""ICSc1cccs1"", ""O=C(O)c1ccc2c(c1)OCCO2""]}"
CC(C)CCCC(CCCC(C)CCCC(C)COS(=O)(=O)[O-])COS(=O)(=O)[O-],product,exception,False,,,,,256.5,UnexpectedModelBehavior: Exceeded maximum output retries (1),
COc1cc(N2C(=O)C(Oc3ccccc3)C2c2ccc(C#N)cc2)cc(OC)c1OC,reaction,timeout,False,,,,,350.0,exceeded 350s,
O=C(NCC(F)=C1CCCc2cnn(Cc3ccc(C(F)(F)F)cc3)c21)NS(=O)(=O)c1cc(Cl)c(Cl)s1,smiles,timeout,False,,,,,586.4,exceeded 350s,
CC1CC2=NNC(=O)c3cc(F)cc4[nH]c(c2c34)C1,smiles,timeout,False,,,,,350.1,exceeded 350s,
COC1=C(CO)OC2CC1(OC)n1c3ccccc3c3c4c(c5c6ccccc6n2c5c31)C(=O)NC4,smiles,reactant,False,apply_fixes|fix_building_blocks|fix_step,validate_route|fix_building_blocks|fix_step|apply_fixes,True,1,351.3,,"{""reactions"": [{""reaction_number"": 1, ""reaction_template"": ""[C$(C(=O)(C)([CX4])),C$(C[H](=O)(C)):1](=[O:2])-[$([CH](C)(C)([CX4])),$([CH2](C)(C)):3]-[$([CH](C)(C)([CX4])),$([CH2](C)(C)):4]-[C$(C(=O)(C)([CX4])),C$(C[H](=O)(C)):5]=[O:6].[N$([NH2,NH3+1]([CX4])):7]>>[c:5]1[c:4][c:3][c:1][n+0:7]1"", ""reactants"": [""O=C1CC2NC(=O)C1C(=O)C1C(=O)NC21"", ""COC1=C(CO)OC2COC1(N)C2""], ""product"": ""COC1=C(CO)OC2CC1(OC)n1c3ccccc3c3c4c(c5c6ccccc6n2c5c31)C(=O)NC4""}], ""building_blocks"": [""O=C1CC2NC(=O)C1C(=O)C1C(=O)NC21"", ""COC1=C(CO)OC2COC1(N)C2""]}"
Cc1nnc(C2CC3Cc4[nH]ncc4C(C2)N3S(=O)(=O)c2ccc(Cl)cc2)s1,reactant,timeout,False,,,,,566.4,exceeded 350s,
CC(NC(=O)C(Cc1ccccc1)NC(=O)C(CCCCN)NC(=O)C1CCCN1C(=O)C(CCCN=C(N)N)NC(=O)C1CCCN1C(=O)C(Cc1c[nH]c2ccccc12)NC(=O)C1CCC(=O)N1)C(=O)N1CCCC1C(=O)O,product,product,False,apply_fixes|fix_building_blocks,validate_route|fix_building_blocks|apply_fixes,True,1,595.0,,"{""reactions"": [{""reaction_number"": 1, ""reaction_template"": ""[Cl,OH,O-:3][C$(C(=O)([CX4,c])),C$([CH](=O)):2]=[O:4].[N$([NH2,NH3+1]([CX4,c])),N$([NH]([CX4,c])([CX4,c])):6]>>[N+0:6]-[C:2]=[O:4]"", ""reactants"": [""CC(NC(=O)C(Cc1ccccc1)NC(=O)C(CCCCN)NC(=O)C1CCCN1C(=O)C(CCCN=C(N)N)NC(=O)C1CCCN1C(=O)C(Cc1c[nH]c2ccccc12)NC(=O)C1CCC(=O)N1)C(=O)N1CCCC1C(=O)O"", ""O=C(O)C1CCCN1""], ""product"": ""CC(NC(=O)C(Cc1ccccc1)NC(=O)C(CCCCN)NC(=O)C1CCCN1C(=O)C(CCCN=C(N)N)NC(=O)C1CCCN1C(=O)C(Cc1c[nH]c2ccccc12)NC(=O)C1CCC(=O)N1)C(=O)N1CCCC1C(=O)O""}], ""building_blocks"": [""O=C(O)C1CCCN1""]}"
Cc1cccc2c1Oc1ccccc1C2SCCN1CCCCC1,reactant,valid,True,apply_fixes|fix_building_blocks|fix_step,validate_route|fix_building_blocks|fix_step|apply_fixes,True,1,359.6,,"{""reactions"": [{""reaction_number"": 1, ""reaction_template"": ""O=[c;H0;D3;+0:1]1:[c:2]:[c:3]:[o;H0;D2;+0:4]:[c:5]:[c:6]:1.[C:7]-[CH2;D2;+0:8]-[CH2;D2;+0:9]-[C:10]-[NH;D2;+0:11]-[C:12]>>[C:7]-[CH2;D2;+0:8]-[C;H2;D2;+0]-[N;H0;D3;+0:11](-[C:10]-[CH2;D2;+0:9]-[S;H0;D2;+0]-[CH;D3;+0:1]1-[c:2]:[c:3]-[O;H0;D2;+0:4]-[c:5]:[c:6]-1)-[C:12]"", ""reactants"": [""Cc1cccc2c1Oc1ccccc1C2=O"", ""C1CCCNCC1""], ""product"": ""Cc1cccc2c1Oc1ccccc1C2SCCN1CCCCC1""}], ""building_blocks"": [""Cc1cccc2c1Oc1ccccc1C2=O"", ""C1CCCNCC1""]}"
COc1ccc(C2(C)c3cc(C(=O)O)sc3C(=O)c3c2c2ccccc2n3Cc2ccccc2)cc1,reactant,timeout,False,,,,,578.2,exceeded 350s,
O=C(NN=Cc1ccc(F)cc1)c1cn(C2CC2)c2cc(Cl)c(F)cc2c1=O,reactant,valid,True,apply_fixes|fix_building_blocks|fix_step,validate_route|fix_building_blocks|fix_step|apply_fixes,True,1,384.2,,"{""reactions"": [{""reaction_number"": 1, ""reaction_template"": ""N-N-[C;H0;D3;+0:1](=O)-[C:2](-[#7:3])=[O;D1;H0:4].O-[C;H0;D3;+0:5](=[O;D1;H0:6])-[c:7]:[c:8]-[NH2;D1;+0:9]>>[#7:3]-[C:2](=[O;D1;H0:4])-[c;H0;D3;+0:1]1:[c;H1;D2;+0]:[n;H0;D3;+0:9](-[C;H1;D3;+0]2-[C;H2;D2;+0]-[C;H2;D2;+0]-2):[c:8]:[c:7]:[c;H0;D3;+0:5]:1=[O;D1;H0:6]"", ""reactants"": [""O=C(NN=Cc1ccc(F)cc1)C(=O)NN"", ""Nc1cc(Cl)c(F)cc1C(=O)O""], ""product"": ""O=C(NN=Cc1ccc(F)cc1)c1cn(C2CC2)c2cc(Cl)c(F)cc2c1=O""}], ""building_blocks"": [""O=C(NN=Cc1ccc(F)cc1)C(=O)NN"", ""Nc1cc(Cl)c(F)cc1C(=O)O""]}"
CC(c1cn2ncsc2n1)n1cc2[nH]cccc-2c1=O,smiles,timeout,False,,,,,620.5,exceeded 350s,
CC(C)OC(=O)C(C#N)=Cc1ccc(-c2ccc(Cl)c(Cl)c2)o1,product,product,False,apply_fixes|fix_building_blocks,validate_route|fix_building_blocks|apply_fixes,True,2,485.3,,"{""reactions"": [{""reaction_number"": 1, ""reaction_template"": ""[Cl,I,Br:7][c:1]1[c:2][c:3][c:4][c:5][c:6]1>>[N:9]#[C:8][c:1]1[c:2][c:3][c:4][c:5][c:6]1"", ""reactants"": [""CC(C)OC(=O)C(Br)=Cc1ccc(-c2ccc(Cl)c(Cl)c2)o1""], ""product"": ""CC(C)OC(=O)C(C#N)=Cc1ccc(-c2ccc(Cl)c(Cl)c2)o1""}], ""building_blocks"": [""CC(C)OC(=O)C(Br)=Cc1ccc(-c2ccc(Cl)c(Cl)c2)o1""]}"
O=C(C=Cc1ccc(Cl)c(Cl)c1)NCCCCCN1CCC(NC(=O)Nc2ccc(Cl)c(Cl)c2)CC1,product,timeout,False,,,,,350.1,exceeded 350s,
O=C1CC(c2ccc(O)c(-c3c(O)cc(O)c4c3OC(c3ccc(O)cc3)CC4=O)c2)Oc2cc(O)cc(O)c21,reaction,reaction,False,apply_fixes|fix_building_blocks,validate_route|fix_building_blocks|apply_fixes,True,1,359.1,,"{""reactions"": [{""reaction_number"": 1, ""reaction_template"": ""[#6;$(C=C-[#6]),$(c:c):1][Br,I].[Cl,Br,I][c:2]>>[c:2][#6:1]"", ""reactants"": [""O=C1CC(c2ccc(O)c(Cl)c2)Oc2cc(O)cc(O)c21"", ""O=C1CC(c2ccc(O)cc2)Oc2c(O)cc(O)c(Br)c21""], ""product"": ""O=C1CC(c2ccc(O)c(-c3c(O)cc(O)c4c3OC(c3ccc(O)cc3)CC4=O)c2)Oc2cc(O)cc(O)c21""}], ""building_blocks"": [""O=C1CC(c2ccc(O)c(Cl)c2)Oc2cc(O)cc(O)c21"", ""O=C1CC(c2ccc(O)cc2)Oc2c(O)cc(O)c(Br)c21""]}"
O=S(=O)(C=Cc1ncccc1Cl)c1cccc(Cl)c1,reactant,reaction,False,apply_fixes|fix_building_blocks|fix_step,validate_route|fix_building_blocks|fix_step|apply_fixes,True,1,309.5,,"{""reactions"": [{""reaction_number"": 1, ""reaction_template"": ""Br-[CH2;D2;+0:1]-[#16:2].O=[CH;D2;+0:3]-[c:4]:[#7;a:5]>>[#16:2]-[CH;D2;+0:1]=[CH;D2;+0:3]-[c:4]:[#7;a:5]"", ""reactants"": [""O=Cc1ncccc1Cl"", ""O=S(=O)(CBr)c1cccc(Cl)c1""], ""product"": ""O=S(=O)(C=Cc1ncccc1Cl)c1cccc(Cl)c1""}], ""building_blocks"": [""O=Cc1ncccc1Cl"", ""O=S(=O)(CBr)c1cccc(Cl)c1""]}"
COc1ccc(F)c(-c2cc(OC)c(-n3c(=O)ccc4cc(S(=O)(=O)Nc5ncccn5)ccc43)cc2C)c1,reactant,reaction,False,apply_fixes|fix_building_blocks|fix_step,validate_route|fix_building_blocks|fix_step|apply_fixes,True,1,464.5,,"{""reactions"": [{""reaction_number"": 1, ""reaction_template"": ""[#6;H0;D3;$([#6](~[#6])~[#6]):1]B(O)O.[#6;H0;D3;$([#6](~[#6])~[#6]):2][Cl,Br,I]>>[#6:2][#6:1]"", ""reactants"": [""COc1ccc(F)c(B2OC(C)(C)C(C)(C)O2)c1"", ""COc1cc(Cl)c(C)cc1-n1c(=O)ccc2cc(S(=O)(=O)Nc3ncccn3)ccc21""], ""product"": ""COc1ccc(F)c(-c2cc(OC)c(-n3c(=O)ccc4cc(S(=O)(=O)Nc5ncccn5)ccc43)cc2C)c1""}, {""reaction_number"": 2, ""reaction_template"": ""O-B(-O)-[c;H0;D3;+0:1](:[c:2]):[c:3].[c:4]:[nH;D2;+0:5]:[c:6]>>[c:4]:[n;H0;D3;+0:5](-[c;H0;D3;+0:1](:[c:2]):[c:3]):[c:6]"", ""reactants"": [""O=c1ccc2cc(S(=O)(=O)Nc3ncccn3)ccc2[nH]1"", ""COc1cc(Cl)c(C)cc1B(O)O""], ""product"": ""COc1cc(Cl)c(C)cc1-n1c(=O)ccc2cc(S(=O)(=O)Nc3ncccn3)ccc21""}], ""building_blocks"": [""COc1ccc(F)c(B2OC(C)(C)C(C)(C)O2)c1"", ""O=c1ccc2cc(S(=O)(=O)Nc3ncccn3)ccc2[nH]1"", ""COc1cc(Cl)c(C)cc1B(O)O""]}"
CCC1Sc2ccc(S(=O)(=O)Nc3cc(OC)cc(OC)c3)cc2NC1=O,reactant,reaction,False,apply_fixes|fix_building_blocks|fix_step,validate_route|validate_route|fix_building_blocks|fix_step|apply_fixes,True,1,295.0,,"{""reactions"": [{""reaction_number"": 1, ""reaction_template"": ""[NX3;!$(N[C]=[S,O,N]);$(N[#6,S]);H1,H2:1].[#6:2][S:3](=[O:4])(=[O:5])[F,Cl,Br,I]>>[N:1][S:3](=[O:4])(=[O:5])[#6:2]"", ""reactants"": [""CCC1Sc2ccc(S(=O)(=O)Cl)cc2NC1=O"", ""COc1cc(N)cc(OC)c1""], ""product"": ""CCC1Sc2ccc(S(=O)(=O)Nc3cc(OC)cc(OC)c3)cc2NC1=O""}], ""building_blocks"": [""CCC1Sc2ccc(S(=O)(=O)Cl)cc2NC1=O"", ""COc1cc(N)cc(OC)c1""]}"
C=C1CCC2C(C)(C)CCCC2(C)C1CC=C1C(=O)Nc2c(OC)cccc21,reactant,valid,True,apply_fixes|fix_building_blocks|fix_step,validate_route|fix_building_blocks|fix_step|apply_fixes,True,1,395.0,,"{""reactions"": [{""reaction_number"": 1, ""reaction_template"": ""Br-[CH2;D2;+0:1]-[C:2].O=[C;H0;D3;+0:3](-[c:4])-[C:5](=[O;D1;H0:6])-[#7:7]>>[#7:7]-[C:5](=[O;D1;H0:6])-[C;H0;D3;+0:3](=[CH;D2;+0:1]-[C:2])-[c:4]"", ""reactants"": [""C=C1CCC2C(C)(C)CCCC2(C)C1CCBr"", ""COc1cccc2c1NC(=O)C2=O""], ""product"": ""C=C1CCC2C(C)(C)CCCC2(C)C1CC=C1C(=O)Nc2c(OC)cccc21""}], ""building_blocks"": [""C=C1CCC2C(C)(C)CCCC2(C)C1CCBr"", ""COc1cccc2c1NC(=O)C2=O""]}"
Cc1ccc(N2C(=O)C(Cl)C23C(=O)Nc2c(Br)cc(Br)cc23)cc1,smiles,smiles,False,apply_fixes|fix_building_blocks|fix_step,validate_route|fix_building_blocks|fix_step|fix_step|apply_fixes,True,1,568.0,,"{""reactions"": [{""reaction_number"": 1, ""reaction_template"": ""[Cl,OH,O-:3][C$(C(=O)([CX4,c])),C$([CH](=O)):2]=[O:4].[N$([NH2,NH3+1]([CX4,c])),N$([NH]([CX4,c])([CX4,c])):6]>>[N+0:6]-[C:2]=[O:4]"", ""reactants"": [""Cc1ccc2cc1C1(C(=O)O)C(Cl)C(=O)N21"", ""Nc1c(Br)cc(Br)cc12""], ""product"": ""Cc1ccc(N2C(=O)C(Cl)C23C(=O)Nc2c(Br)cc(Br)ce23)cc1""}, {""reaction_number"": 2, ""reaction_template"": ""[OH:2]-[$([CX4]),c:1]>>[Cl:3][C,c:1]"", ""reactants"": [""Cc1ccc2cc1C1(C(=O)O)C(O)C(=O)N21""], ""product"": ""Cc1ccc(N2C(=O)C(Cl)C23C(=O)O)cc1""}], ""building_blocks"": [""Cc1ccc2cc1C1(C(=O)O)C(Cl)C(=O)N21"", ""Nc1c(Br)cc(Br)cc12"", ""Cc1ccc2cc1C1(C(=O)O)C(O)C(=O)N21""]}"
Cc1cc2ncn(C(=O)N3CCOCC3)c2cc1C,reactant,valid,True,apply_fixes|fix_building_blocks|fix_step,validate_route|fix_building_blocks|fix_step|apply_fixes,True,1,291.9,,"{""reactions"": [{""reaction_number"": 1, ""reaction_template"": ""O-[C;H0;D3;+0:1](=O)-[c;H0;D3;+0:2](:[c:3]):[c:4]-[NH2;D1;+0:5].[#7:6]-[C:7](-[NH2;D1;+0:8])=[O;D1;H0:9]>>[#7:6]-[C:7](=[O;D1;H0:9])-[n;H0;D3;+0:8]1:[cH;D2;+0:1]:[n;H0;D2;+0:5]:[c:4]:[c;H0;D3;+0:2]:1:[c:3]"", ""reactants"": [""Cc1cc(N)c(C(=O)O)cc1C"", ""NC(=O)N1CCOCC1""], ""product"": ""Cc1cc2ncn(C(=O)N3CCOCC3)c2cc1C""}], ""building_blocks"": [""Cc1cc(N)c(C(=O)O)cc1C"", ""NC(=O)N1CCOCC1""]}"
CC(C)=CCCC1(C)CC(O)c2ccc(O)cc2O1,reaction,timeout,False,,,,,350.0,exceeded 350s,
CC(C)CC(NC(=O)C(NC(=O)C(Cc1ccc(O)cc1)NC(=O)C1CCCN1C(=O)C(CCCCN)NC(=O)C(CCCCN)NNC(=O)C(N)Cc1cn(C2OC(CO)C(O)C(O)C2F)nn1)C(C)(C)C)C(=O)O,product,product,False,apply_fixes|fix_building_blocks|fix_step,validate_route|fix_building_blocks|fix_step|apply_fixes,True,2,603.4,,"{""reactions"": [{""reaction_number"": 1, ""reaction_template"": ""[CH0;$(C-[#6]):1]#[CH1:2].[C;H1,H2;A;!$(C=O):3]-[*;#17,#35,#53,OH1]>>[C:1]1=[C:2]-N(-[C:3])-N=N-1"", ""reactants"": [""C#CCC(N)C(=O)NNC(CCCCN)C(=O)NC(Cc1ccc(O)cc1)C(=O)NC(C(=O)O)C(CC(C)C)NC(=O)C(C)(C)C"", ""OCC1OC(O)C(F)C(O)C1O""], ""product"": ""CC(C)CC(NC(=O)C(NC(=O)C(Cc1ccc(O)cc1)NC(=O)C1CCCN1C(=O)C(CCCCN)NC(=O)C(CCCCN)NNC(=O)C(N)Cc1cn(C2OC(CO)C(O)C(O)C2F)nn1)C(C)(C)C)C(=O)O""}], ""building_blocks"": [""C#CCC(N)C(=O)NNC(CCCCN)C(=O)NC(Cc1ccc(O)cc1)C(=O)NC(C(=O)O)C(CC(C)C)NC(=O)C(C)(C)C"", ""OCC1OC(O)C(F)C(O)C1O""]}"
COc1ccc(C2=NOC(Cn3c(Cc4ccc(Cl)cc4)nc4c3c(=O)n(C)c(=O)n4C)C2)cc1,reactant,timeout,False,,,,,350.0,exceeded 350s,
O=C(Nc1ccccc1)c1cc2n(n1)C(C(F)(F)F)CC(C1CC1)N2,reactant,product,False,apply_fixes|fix_building_blocks|fix_step,validate_route|validate_route|fix_building_blocks|fix_step|apply_fixes,True,1,420.9,,"{""reactions"": [{""reaction_number"": 1, ""reaction_template"": ""Br-[CH;D3;+0:1](-[#7:2])-[C:3].Br-[CH;D3;+0:4]1-[C:5]-[C:6]-1>>[#7:2]-[CH;D3;+0:1](-[CH;D3;+0:4]1-[C:5]-[C:6]-1)-[C:3]"", ""reactants"": [""O=C(Nc1ccccc1)c1cc2n(n1)C(C(F)(F)F)CC(Br)N2"", ""BrC1CC1""], ""product"": ""O=C(Nc1ccccc1)c1cc2n(n1)C(C(F)(F)F)CC(C1CC1)N2""}, {""reaction_number"": 2, ""reaction_template"": ""[OH:2]-[$([CX4]),c:1]>>[Br:3][C,c:1]"", ""reactants"": [""OC1CC(C(F)(F)F)Nc2cc(C(=O)Nc3ccccc3)nn21""], ""product"": ""O=C(Nc1ccccc1)c1cc2n(n1)C(C(F)(F)F)CC(Br)N2""}], ""building_blocks"": [""BrC1CC1"", ""OC1CC(C(F)(F)F)Nc2cc(C(=O)Nc3ccccc3)nn21""]}"
Cc1ccc(Nc2ncnc3cc4c(cc23)N(CCCN2CCOCC2)C(=O)CO4)cc1Cl,reaction,reaction,False,apply_fixes|fix_building_blocks|fix_step,validate_route|fix_building_blocks|fix_step|apply_fixes,True,1,451.4,,"{""reactions"": [{""reaction_number"": 1, ""reaction_template"": ""[Cl,Br,I][c;$(c1:[c,n]:[c,n]:[c,n]:[c,n]:[c,n]:1):1].[N;$(NC)&!$(N=*)&!$([N-])&!$(N#*)&!$([ND3])&!$([ND4])&!$(N[c,O])&!$(N[C,S]=[S,O,N]),H2&$(Nc1:[c,n]:[c,n]:[c,n]:[c,n]:[c,n]:1):2]>>[c:1][N:2]"", ""reactants"": [""Cc1ccc(N)cc1Cl"", ""O=C1COc2cc3ncnc(Cl)c3cc2N1CCCN1CCOCC1""], ""product"": ""Cc1ccc(Nc2ncnc3cc4c(cc23)N(CCCN2CCOCC2)C(=O)CO4)cc1Cl""}, {""reaction_number"": 2, ""reaction_template"": ""[c:1](-[C;$(C-c1ccccc1):2](=[OD1:3])-[CH3:4]):[c:5](-[OH1:6]).[C;$(C1-[CH2]-[CH2]-[N,C]-[CH2]-[CH2]-1):7](=[OD1])>>[O:6]1-[c:5]:[c:1]-[C:2](=[OD1:3])-[C:4]-[C:7]-1"", ""reactants"": [""CC(=O)c1cc2c(Cl)ncnc2cc1O"", ""O=CCCN1CCOCC1""], ""product"": ""O=C1COc2cc3ncnc(Cl)c3cc2N1CCCN1CCOCC1""}], ""building_blocks"": [""Cc1ccc(N)cc1Cl"", ""CC(=O)c1cc2c(Cl)ncnc2cc1O"", ""O=CCCN1CCOCC1""]}"
COC(=O)Cn1c2ccccc2n2c(C(=O)OC)c(C)nc12,reactant,reactant,False,apply_fixes|fix_building_blocks|fix_step,validate_route|fix_building_blocks|fix_step|apply_fixes,True,1,320.9,,"{""reactions"": [{""reaction_number"": 1, ""reaction_template"": ""[c;r6:1](-[NH1;$(N-[#6]):2]):[c;r6:3](-[NH2:4]).[#6:6]-[CH1;R0:5](=[OD1])>>[c:3]2:[c:1]:[n:2]:[c:5](-[#6:6]):[n:4]2"", ""reactants"": [""COC(=O)Cn1c(N)c(N)c(C)nc1=O"", ""COC(=O)C=O""], ""product"": ""COC(=O)Cn1c2ccccc2n2c(C(=O)OC)c(C)nc12""}], ""building_blocks"": [""COC(=O)Cn1c(N)c(N)c(C)nc1=O"", ""COC(=O)C=O""]}"
O=C1C(=O)N(Cc2ccccc2)c2ccc(S(=O)(=O)N3CCCC3COc3ccccc3)cc21,reaction,reaction,False,apply_fixes|fix_building_blocks,validate_route|fix_building_blocks|apply_fixes,True,3,473.2,,"{""reactions"": [{""reaction_number"": 1, ""reaction_template"": ""[C;H1&$(C([#6])[#6]),H2&$(C[#6]):1][OH1].[NH1;$(N(C=O)C=O):2]>>[C:1][N:2]"", ""reactants"": [""O=C1NC(=O)C(=O)c2cc(S(=O)(=O)N3CCCC3COc3ccccc3)ccc21"", ""OCc1ccccc1""], ""product"": ""O=C1C(=O)N(Cc2ccccc2)c2ccc(S(=O)(=O)N3CCCC3COc3ccccc3)cc21""}], ""building_blocks"": [""O=C1NC(=O)C(=O)c2cc(S(=O)(=O)N3CCCC3COc3ccccc3)ccc21"", ""OCc1ccccc1""]}"
COC(=O)NC(C(=O)N1CCCC1c1ncc(-c2ccc(-c3cccc(O)c3)cc2)[nH]1)C(C)C,reaction,reaction,False,apply_fixes|fix_building_blocks|fix_step,validate_route|fix_building_blocks|fix_step|apply_fixes,True,1,457.1,,"{""reactions"": [{""reaction_number"": 1, ""reaction_template"": ""[Cl,OH,O-:3][C$(C(=O)([CX4,c])),C$([CH](=O)):2]=[O:4].[N$([NH2,NH3+1]([CX4,c])),N$([NH]([CX4,c])([CX4,c])):6]>>[N+0:6]-[C:2]=[O:4]"", ""reactants"": [""Oc1cccc(-c2ccc(-c3cnc(C4CCCN4)[nH]3)cc2)c1"", ""COC(=O)NC(C(=O)O)C(C)C""], ""product"": ""COC(=O)NC(C(=O)N1CCCC1c1ncc(-c2ccc(-c3cccc(O)c3)cc2)[nH]1)C(C)C""}, {""reaction_number"": 2, ""reaction_template"": ""[c:1]-B(O)O.[Cl,Br,I][c:2]>>[c:1]-[c:2]"", ""reactants"": [""Brc1cnc(C2CCCN2)[nH]1"", ""CC1(C)OB(c2ccc(-c3cccc(O)c3)cc2)OC1(C)C""], ""product"": ""Oc1cccc(-c2ccc(-c3cnc(C4CCCN4)[nH]3)cc2)c1""}], ""building_blocks"": [""COC(=O)NC(C(=O)O)C(C)C"", ""Brc1cnc(C2CCCN2)[nH]1"", ""CC1(C)OB(c2ccc(-c3cccc(O)c3)cc2)OC1(C)C""]}"
Cc1ccc(-c2c3n(c(=O)c4ncccc24)CCC(C)CN(Cc2cc(C(F)(F)F)cc(C(F)(F)F)c2)C3=O)cc1,reactant,exception,False,,,,,226.6,UnexpectedModelBehavior: Exceeded maximum output retries (1),
CCc1cccc(NC(=N)Nc2c(Cl)cccc2Cl)c1,reaction,reaction,False,apply_fixes|fix_building_blocks|fix_step,validate_route|fix_building_blocks|fix_step|apply_fixes,True,1,331.5,,"{""reactions"": [{""reaction_number"": 1, ""reaction_template"": ""[c:1]Br.[NH2:2]>>[c:1][N:2]"", ""reactants"": [""N=C(N)Nc1c(Cl)cccc1Cl"", ""CCc1cccc(Br)c1""], ""product"": ""CCc1cccc(NC(=N)Nc2c(Cl)cccc2Cl)c1""}], ""building_blocks"": [""N=C(N)Nc1c(Cl)cccc1Cl"", ""CCc1cccc(Br)c1""]}"
O=C1NC2CNCC2c2cccc(C(F)(F)F)c21,reactant,reaction,False,apply_fixes|fix_building_blocks|fix_step,validate_route|validate_route|fix_building_blocks|fix_step|apply_fixes,True,1,401.9,,"{""reactions"": [{""reaction_number"": 1, ""reaction_template"": ""N-[CH2;D2;+0:1]-[C:2]-[CH2;D2;+0:3]-[C:4]-[#7:5].O=C-[c;H0;D3;+0:6](:[cH;D2;+0:7]:[c:8]):[cH;D2;+0:9]:[c:10]>>[#7:5]-[C:4]-[CH;D3;+0:3]1-[C:2]-[c;H0;D3;+0:1](:[cH;D2;+0:9]:[c:10]):[c;H0;D3;+0:7](:[c:8])-[C;H0;D3;+0:6](=[O;H0;D1;+0])-[N;H1;D2;+0]-1"", ""reactants"": [""O=Cc1cccc(C(F)(F)F)c1"", ""NCC1CNCC1""], ""product"": ""O=C1NC2CNCC2c2cccc(C(F)(F)F)c21""}], ""building_blocks"": [""O=Cc1cccc(C(F)(F)F)c1"", ""NCC1CNCC1""]}"
CC1(C)CCc2c(c3ccccc3c3nc(-c4cccc(C#N)c4)[nH]c23)O1,smiles,timeout,False,,,,,350.0,exceeded 350s,
CCCCCc1ccc(C(SCC(N)C(=O)O)(c2ccccc2)c2ccccc2)cc1,reactant,timeout,False,,,,,350.0,exceeded 350s,
Cc1ccc(S(=O)(=O)c2cc3ccc(C)cc3c3sc(C)nc23)cc1,smiles,timeout,False,,,,,513.9,exceeded 350s,
COc1cccc2c1C(=O)C=CC21OCCCO1,reactant,timeout,False,,,,,350.0,exceeded 350s,
Cc1c(-c2cccs2)nc(OCC(N)C(C)C)nc1-c1cccs1,reactant,exception,False,,,,,276.2,UnexpectedModelBehavior: Exceeded maximum output retries (1),
CC(c1ccc(Cl)cc1)N1C(=O)c2cc(I)ccc2N(CCCCC(=O)O)C(=O)C1c1ccc(OC(F)(F)F)cc1,reactant,valid,True,apply_fixes|fix_building_blocks|fix_step,validate_route|fix_building_blocks|fix_step|apply_fixes,True,1,383.9,,"{""reactions"": [{""reaction_number"": 1, ""reaction_template"": ""O-[CH;D3;+0:1](-[C;D1;H3:2])-[c:3].[#7:4]-[C:5](=[O;D1;H0:6])-[C:7]-[NH;D2;+0:8]-[C:9]=[O;D1;H0:10]>>[#7:4]-[C:5](=[O;D1;H0:6])-[C:7]-[N;H0;D3;+0:8](-[CH;D3;+0:1](-[C;D1;H3:2])-[c:3])-[C:9]=[O;D1;H0:10]"", ""reactants"": [""CC(O)c1ccc(Cl)cc1"", ""O=C(O)CCCCN1C(=O)C(c2ccc(OC(F)(F)F)cc2)NC(=O)c2cc(I)ccc21""], ""product"": ""CC(c1ccc(Cl)cc1)N1C(=O)c2cc(I)ccc2N(CCCCC(=O)O)C(=O)C1c1ccc(OC(F)(F)F)cc1""}], ""building_blocks"": [""CC(O)c1ccc(Cl)cc1"", ""O=C(O)CCCCN1C(=O)C(c2ccc(OC(F)(F)F)cc2)NC(=O)c2cc(I)ccc21""]}"
Cc1ccc(C(=O)N2N=C(c3ccc(Cl)cc3)CC2c2ccc(Cl)cc2)cn1,reactant,reaction,False,apply_fixes|fix_building_blocks|fix_step,validate_route|fix_building_blocks|fix_step|apply_fixes,True,1,388.8,,"{""reactions"": [{""reaction_number"": 1, ""reaction_template"": ""[NH1;R:1].[C:2](=[O:3])[OH]>>[N:1][C:2]=[O:3]"", ""reactants"": [""Cc1ccc(C(=O)O)cn1"", ""Clc1ccc(C2CC(c3ccc(Cl)cc3)=NN2)cc1""], ""product"": ""Cc1ccc(C(=O)N2N=C(c3ccc(Cl)cc3)CC2c2ccc(Cl)cc2)cn1""}], ""building_blocks"": [""Cc1ccc(C(=O)O)cn1"", ""Clc1ccc(C2CC(c3ccc(Cl)cc3)=NN2)cc1""]}"
CC(C)(C)C1=NN(C(=O)c2ccccc2)C(c2ccc3c(c2)OCO3)C1,reaction,valid,True,apply_fixes|fix_building_blocks|fix_step,validate_route|fix_building_blocks|fix_step|apply_fixes,True,1,275.7,,"{""reactions"": [{""reaction_number"": 1, ""reaction_template"": ""Br-[CH;D3;+0:1](-[C:2])-[#7:3](-[C:4]=[O;D1;H0:5])-[#7:6].Br-[c;H0;D3;+0:7](:[c:8]):[c:9]>>[#7:6]-[#7:3](-[C:4]=[O;D1;H0:5])-[CH;D3;+0:1](-[c;H0;D3;+0:7](:[c:8]):[c:9])-[C:2]"", ""reactants"": [""CC(C)(C)C1=NN(C(=O)c2ccccc2)C(Br)C1"", ""Brc1ccc2c(c1)OCO2""], ""product"": ""CC(C)(C)C1=NN(C(=O)c2ccccc2)C(c2ccc3c(c2)OCO3)C1""}], ""building_blocks"": [""CC(C)(C)C1=NN(C(=O)c2ccccc2)C(Br)C1"", ""Brc1ccc2c(c1)OCO2""]}"
N=c1c2c(-c3ccccc3)c(-c3ccccc3)n(Cc3ccc(OC(F)(F)F)cc3)c2ncn1CCCO,reactant,timeout,False,,,,,472.9,exceeded 350s,
CCn1c(=O)c2c(nc3c4ccccc4ncn32)n(CC)c1=O,smiles,exception,False,,,,,483.7,UnexpectedModelBehavior: Tool 'fix_step' exceeded max retries count of 1,
CCOC(=O)C1(n2cc(C)c(=O)[nH]c2=O)CC(P(=O)(OCC)OCC)N(C)O1,reactant,timeout,False,,,,,350.0,exceeded 350s,
COc1ncccc1Nc1cc2nc3ccccc3n(-c3ccc(C(F)(F)F)cc3)c-2cc1=NC1CCC(OC)CC1,reactant,valid,True,apply_fixes|fix_building_blocks|fix_step,validate_route|fix_building_blocks|fix_step|fix_step|apply_fixes,True,1,456.9,,"{""reactions"": [{""reaction_number"": 1, ""reaction_template"": ""[NX3;!$(N[C,S]=[S,O,N]);$(N[#6]);!$(N[#7]);H1,H2:1].[#6:2][Cl,Br,I]>>[N:1][#6:2]"", ""reactants"": [""COc1ncccc1N"", ""COC1CCC(N=c2cc3c(cc2Cl)nc2ccccc2n3-c2ccc(C(F)(F)F)cc2)CC1""], ""product"": ""COc1ncccc1Nc1cc2nc3ccccc3n(-c3ccc(C(F)(F)F)cc3)c-2cc1=NC1CCC(OC)CC1""}, {""reaction_number"": 2, ""reaction_template"": ""O-B(-O)-[c;H0;D3;+0:1](:[c:2]):[c:3].[#7;a:4]:[c:5]:[c:6]:[nH;D2;+0:7]:[c:8]>>[#7;a:4]:[c:5]:[c:6]:[n;H0;D3;+0:7](-[c;H0;D3;+0:1](:[c:2]):[c:3]):[c:8]"", ""reactants"": [""OB(O)c1ccc(C(F)(F)F)cc1"", ""COC1CCC(N=c2cc3[nH]c4ccccc4nc3cc2Cl)CC1""], ""product"": ""COC1CCC(N=c2cc3c(cc2Cl)nc2ccccc2n3-c2ccc(C(F)(F)F)cc2)CC1""}], ""building_blocks"": [""COc1ncccc1N"", ""OB(O)c1ccc(C(F)(F)F)cc1"", ""COC1CCC(N=c2cc3[nH]c4ccccc4nc3cc2Cl)CC1""]}"
CC(C)(C)C(=O)OCC1OC(n2cnc3c(N)ncnc32)C(O)C1O,reactant,reactant,False,apply_fixes|fix_building_blocks|fix_step,validate_route|fix_building_blocks|fix_step|apply_fixes,True,1,398.4,,"{""reactions"": [{""reaction_number"": 1, ""reaction_template"": ""[NH2,NH3+]-[C$([CX4](N)([c,C])([c,C])([c,C])),C$([CH](N)([c,C])([c,C])),C$([CH2](N)([c,C])),C$([CH3](N)):2].[NH2:12]-[c:7]1[c:6][c:5][c:4][c:3][c:8]1-[C:9](-[OH,O-:11])=[O:10]>>[C:2]-[n+0]-1[c:13][n:12][c:7]2[c:6][c:5][c:4][c:3][c:8]2[c:9]-1=[O:10]"", ""reactants"": [""Nc1ncnc(N)c1C(=O)O"", ""CC(C)(C)C(=O)OCC1OC(N)C(O)C1O""], ""product"": ""CC(C)(C)C(=O)OCC1OC(n2cnc3c(N)ncnc32)C(O)C1O""}], ""building_blocks"": [""Nc1ncnc(N)c1C(=O)O"", ""CC(C)(C)C(=O)OCC1OC(N)C(O)C1O""]}"
CC(O)C1C(=O)N2C3=C(SC4CNC(C4)C(=O)Nc4cccc(c4)C(=O)OCC=CCOC3=O)C(C)C12,smiles,timeout,False,,,,,350.0,exceeded 350s,
Cc1nc(N2CCCCC2)c2[nH]c(-c3ccccc3)c(F)c2n1,reactant,reactant,False,apply_fixes|fix_building_blocks|fix_step,validate_route|fix_building_blocks|fix_step|apply_fixes,True,1,343.8,,"{""reactions"": [{""reaction_number"": 1, ""reaction_template"": ""[NH2,NH3+1:8]-[c:5]1[cH:4][c:3][c:2][c:1][c:6]1.[Br:18][C$([CH2](C)(Br)),C$([CH](C)(C)(Br)):17]-[C:15](=[O:16])-[c:10]1[c:11][c:12][c:13][c:14][c:9]1>>[c:13]1[c:12][c:11][c:10]([c:9][c:14]1)-[c:15]1[c:17][c:4]2[c:3][c:2][c:1][c:6][c:5]2[nH+0:8]1"", ""reactants"": [""Cc1nc(N2CCCCC2)c(N)nc1"", ""O=C(CBr)c1ccccc1""], ""product"": ""Cc1nc(N2CCCCC2)c2[nH]c(-c3ccccc3)c(F)c2n1""}], ""building_blocks"": [""Cc1nc(N2CCCCC2)c(N)nc1"", ""O=C(CBr)c1ccccc1""]}"
COc1ccc(CC2C(=O)NC(C)C(=O)N(C)C3Cc4cccc(c4)Oc4cc(ccc4OC)CC(C(=O)NC(C)C(=O)NC(C)C(=O)N2C)N(C)C3=O)cc1,reactant,smiles,False,apply_fixes|fix_building_blocks|fix_step,validate_route|fix_building_blocks|fix_step|apply_fixes,True,1,456.0,,"{""reactions"": [{""reaction_number"": 1, ""reaction_template"": ""[C;H1&$(C([#6])[#6]),H2&$(C[#6]):1][OH1].[NH1;$(N(C=O)C=O):2]>>[C:1][N:2]"", ""reactants"": [""COc1ccc(CC2C(=O)NC(C)C(=O)N(C)C3Cc4cccc(c4)Oc4cc(ccc4OC)CC(C(=O)NC(C)C(=O)NC(C)C(=O)N2C)N(C)C3=O)cc1"", ""O=C1NC(=O)C(O)C2CC1c1ccccc12""], ""product"": ""COc1ccc(CC2C(=O)NC(C)C(=O)N(M)C3Cc4cccc(c4)Oc4cc(ccc4OC)CC(C(=O)NC(C)C(=O)NC(C)C(=O)N2M)N(M)C3=O)cc1""}], ""building_blocks"": [""COc1ccc(CC2C(=O)NC(C)C(=O)N(C)C3Cc4cccc(c4)Oc4cc(ccc4OC)CC(C(=O)NC(C)C(=O)NC(C)C(=O)N2C)N(C)C3=O)cc1"", ""O=C1NC(=O)C(O)C2CC1c1ccccc12""]}"
N#Cc1c(N)nc(Sc2cccc(Cl)c2)c(C#N)c1-c1ccc(Cl)cc1,product,timeout,False,,,,,350.0,exceeded 350s,
C=Cc1oc2ccc(Br)cc2c(=O)c1CN(C=CC(C)=O)Cc1ccccc1,reaction,reaction,False,apply_fixes|fix_building_blocks,validate_route|fix_building_blocks|apply_fixes,True,2,395.2,,"{""reactions"": [{""reaction_number"": 1, ""reaction_template"": ""[C$(C(=O)([CX4,c])([CX4,c])),C$([CH](=O)([CX4,c])):1]=[O:2].[N$([NH2,NH3+1]([CX4,c])),N$([NH]([CX4,c])([CX4,c])):3]>>[N+0:3][C:1]"", ""reactants"": [""CC(=O)C=NCNCc1ccccc1"", ""C=Cc1oc2ccc(Br)cc2c(=O)c1C=O""], ""product"": ""C=Cc1oc2ccc(Br)cc2c(=O)c1CN(C=CC(C)=O)Cc1ccccc1""}], ""building_blocks"": [""CC(=O)C=NCNCc1ccccc1"", ""C=Cc1oc2ccc(Br)cc2c(=O)c1C=O""]}"
COc1ccc2c(c1)[nH]c1c(Cc3ccccc3)c(O)c(C=O)cc12,product,product,False,apply_fixes|fix_building_blocks|fix_step,validate_route|fix_building_blocks|fix_step|apply_fixes,True,1,472.4,,"{""reactions"": [{""reaction_number"": 1, ""reaction_template"": ""[NH2,NH3+1:8]-[c:5]1[cH:4][c:3][c:2][c:1][c:6]1.[Br:18][C$([CH2](C)(Br)),C$([CH](C)(C)(Br)):17]-[C:15](=[O:16])-[c:10]1[c:11][c:12][c:13][c:14][c:9]1>>[c:13]1[c:12][c:11][c:10]([c:9][c:14]1)-[c:15]1[c:17][c:4]2[c:3][c:2][c:1][c:6][c:5]2[nH+0:8]1"", ""reactants"": [""COc1ccc(N)c(C=O)c1"", ""O=C1c2ccccc2CC1Br""], ""product"": ""COc1ccc2c(c1)[nH]c1c(Cc3ccccc3)c(O)c(C=O)cc12""}, {""reaction_number"": 2, ""reaction_template"": ""[NH2,NH3+1:8]-[c:5]1[cH:4][c:3][c:2][c:1][c:6]1.[Br:18][C$([CH2](C)(Br)),C$([CH](C)(C)(Br)):17]-[C:15](=[O:16])-[c:10]1[c:11][c:12][c:13][c:14][c:9]1>>[c:13]1[c:12][c:11][c:10]([c:9][c:14]1)-[c:15]1[c:17][c:4]2[c:3][c:2][c:1][c:6][c:5]2[nH+0:8]1"", ""reactants"": [""COc1ccc(N)c(C=O)c1"", ""O=C1c2ccccc2CC1Br""], ""product"": ""COc1ccc2c(c1)[nH]c1c(Cc3ccccc3)c(O)c(C=O)cc12""}], ""building_blocks"": [""COc1ccc(N)c(C=O)c1"", ""O=C1c2ccccc2CC1Br""]}"
C=CC(C)(C)c1c(O)cc(O)c2c(=O)cc(-c3ccc(O)cc3)oc12,reactant,reactant,False,apply_fixes|fix_building_blocks|fix_step,validate_route|fix_building_blocks|fix_step|apply_fixes,True,1,413.5,,"{""reactions"": [{""reaction_number"": 1, ""reaction_template"": ""[OH:7]-[c:6]1[cH:1][c:2][c:3][c:4][c:5]1.[O$(O(C)([CX4])):12]-[C:11](=[O:15])-[C$([CH](C)(C)([CX4])),C$([CH2](C)(C)):10]-[C:8]=[O:16]>>[C:8]-1=[C:10]-[C:11](=[O:15])-[O]-[c:6]2[c:5][c:4][c:3][c:2][c:1]-12"", ""reactants"": [""C=CC(C)(C)C(=O)CC(=O)O"", ""Oc1ccc(-c2cc(=O)c3c(O)cc(O)cc3o2)cc1""], ""product"": ""C=CC(C)(C)c1c(O)cc(O)c2c(=O)cc(-c3ccc(O)cc3)oc12""}], ""building_blocks"": [""C=CC(C)(C)C(=O)CC(=O)O"", ""Oc1ccc(-c2cc(=O)c3c(O)cc(O)cc3o2)cc1""]}"
O=P(O)(O)c1cc(O)cc(O)c1,product,product,False,apply_fixes|fix_building_blocks|fix_step,validate_route|fix_building_blocks|fix_step|apply_fixes,True,2,458.9,,"{""reactions"": [{""reaction_number"": 1, ""reaction_template"": ""[OH:2]-[$([CX4]),c:1]>>[Br:3][C,c:1]"", ""reactants"": [""O=P(O)(O)c1cc(O)cc(O)c1""], ""product"": ""O=P(O)(O)c1cc(O)cc(O)c1""}], ""building_blocks"": []}"
O=c1cc[nH]c(=O)[nH]1,reactant,reactant,False,apply_fixes|fix_building_blocks|fix_step,validate_route|fix_building_blocks|fix_step|apply_fixes,True,1,382.5,,"{""reactions"": [{""reaction_number"": 1, ""reaction_template"": ""[OH:2]-[$([CX4]),c:1]>>[Cl:3][C,c:1]"", ""reactants"": [""O=c1cc[nH]c(=O)[nH]1""], ""product"": ""O=c1cc[nH]c(=O)[nH]1""}], ""building_blocks"": []}"
CCC(=O)N(c1ccccc1)C1(C(=O)OC)CCN(CCn2c(=O)c3c(ncn3C)n(C)c2=O)CC1,reactant,reactant,False,apply_fixes|fix_building_blocks|fix_step,validate_route|fix_building_blocks|fix_step|apply_fixes,True,1,446.6,,"{""reactions"": [{""reaction_number"": 1, ""reaction_template"": ""[Cl,OH,O-:3][C$(C(=O)([CX4,c])),C$([CH](=O)):2]=[O:4].[O$([OH]([CX4,c])),O$([OH]([CX4,c])([CX4,c])),S$([SH]([CX4,c])),S$([SH]([CX4,c])([CX4,c])):6]>>[*:6]-[C:2]=[O:4]"", ""reactants"": [""CCC(=O)N(c1ccccc1)C1(C(=O)O)CCN(CCn2c(=O)c3c(ncn3C)n(C)c2=O)CC1"", ""COC(=O)C1(N)CCNCC1""], ""product"": ""CCC(=O)N(c1ccccc1)C1(C(=O)OC)CCN(CCn2c(=O)c3c(ncn3C)n(C)c2=O)CC1""}, {""reaction_number"": 2, ""reaction_template"": ""[C;H1&$(C([#6])[#6]),H2&$(C[#6]):1][OH1].[NH1;$(N(C=O)C=O):2]>>[C:1][N:2]"", ""reactants"": [""CCC(=O)NC(=O)c1ccccc1"", ""Cn1cnc2c1c(=O)n(CCN1CCC(CO)(C(=O)O)CC1)c(=O)n2C""], ""product"": ""CCC(=O)N(c1ccccc1)C1(C(=O)O)CCN(CCn2c(=O)c3c(ncn3C)n(C)c2=O)CC1""}], ""building_blocks"": [""COC(=O)C1(N)CCNCC1"", ""CCC(=O)NC(=O)c1ccccc1"", ""Cn1cnc2c1c(=O)n(CCN1CCC(CO)(C(=O)O)CC1)c(=O)n2C""]}"
CC(O)(c1ccc(Nc2nn(C3CCC(N4CCC4)CC3C#N)cc2C(N)=O)cc1)C(F)(F)F,reactant,timeout,False,,,,,350.0,exceeded 350s,
CCCCCCCCCCCCCCCCCCCCCCCCCC(=O)NC(CCC1OC(CO)C(O)C(O)C1O)C(O)C(O)CCCCCCCCCCCCCC,reactant,exception,False,,,,,150.6,UnexpectedModelBehavior: Exceeded maximum output retries (1),
Cc1ccc(F)cc1C(C)(C)CC(O)(Cc1cc2cc(OC(C)C)ncc2[nH]1)C(F)(F)F,reactant,reactant,False,apply_fixes|fix_building_blocks|fix_step,validate_route|fix_building_blocks|fix_step|apply_fixes|fix_building_blocks|fix_step|apply_fixes,True,1,475.4,,"{""reactions"": [{""reaction_number"": 1, ""reaction_template"": ""[#6:1][C;H1,$([C]([#6])[#6]):2]=[OD1:3].[Cl,Br,I][#6;$([#6]~[#6]);!$([#6]([Cl,Br,I])[Cl,Br,I]);!$([#6]=O):4]>>[C:1][#6:2]([OH1:3])[#6:4]"", ""reactants"": [""Cc1ccc(F)cc1C(C)(C)CC(=O)C(F)(F)F"", ""CC(C)Oc1cc2cc(CCl)[nH]c2cn1""], ""product"": ""Cc1ccc(F)cc1C(C)(C)CC(O)(Cc1cc2cc(OC(C)C)ncc2[nH]1)C(F)(F)F""}, {""reaction_number"": 2, ""reaction_template"": ""[*;Br,I;$(*c1ccccc1)]-[c:1]:[c:2]-[NH2:3].[CH1:5]#[C;$(C-[#6]):4]>>[c:1]1:[c:2]-[N:3]-[C:4]=[C:5]-1"", ""reactants"": [""C#CCCl"", ""CC(C)Oc1cc(Br)c(N)cn1""], ""product"": ""CC(C)Oc1cc2cc(CCl)[nH]c2cn1""}], ""building_blocks"": [""Cc1ccc(F)cc1C(C)(C)CC(=O)C(F)(F)F"", ""C#CCCl"", ""CC(C)Oc1cc(Br)c(N)cn1""]}"
COc1nc(N)nc2c1ncn2C1OC(COP(=O)(O)NC(C)C(=O)O)C(O)C1(C)F,product,timeout,False,,,,,350.0,exceeded 350s,
O=CCNC(=O)c1cccc(C(F)(F)F)c1,reactant,reactant,False,apply_fixes|fix_building_blocks|fix_step,validate_route|validate_route|fix_building_blocks|fix_step|apply_fixes,True,1,368.0,,"{""reactions"": [{""reaction_number"": 1, ""reaction_template"": ""[OH:2]-[$([CX4]),c:1]>>[Br:3][C,c:1]"", ""reactants"": [""O=CCNC(=O)c1cccc(C(F)(F)F)c1""], ""product"": ""O=CCNC(=O)c1cccc(C(F)(F)F)c1""}], ""building_blocks"": []}"
O=C1NC(=Nc2ccc([N+](=O)[O-])cc2)SC1=Cc1ccc(O)cc1,reactant,reaction,False,apply_fixes|fix_building_blocks|fix_step,validate_route|fix_building_blocks|fix_step|apply_fixes,True,1,311.8,,"{""reactions"": [{""reaction_number"": 1, ""reaction_template"": ""Cl-[CH2;D2;+0:1]-[c:2].O=[C;H0;D3;+0:3](-[#16:4])-[C:5](=[O;D1;H0:6])-[#7:7]>>[#16:4]-[C;H0;D3;+0:3](=[CH;D2;+0:1]-[c:2])-[C:5](=[O;D1;H0:6])-[#7:7]"", ""reactants"": [""O=C1NC(=Nc2ccc([N+](=O)[O-])cc2)SC1=O"", ""Oc1ccc(CCl)cc1""], ""product"": ""O=C1NC(=Nc2ccc([N+](=O)[O-])cc2)SC1=Cc1ccc(O)cc1""}], ""building_blocks"": [""O=C1NC(=Nc2ccc([N+](=O)[O-])cc2)SC1=O"", ""Oc1ccc(CCl)cc1""]}"
COCCOc1cc(F)c(N2CCN(CCn3c(=O)n(C)c4c3nc(N)n3nc(-c5ccco5)nc43)CC2)cc1F,smiles,timeout,False,,,,,492.3,exceeded 350s,
Cc1csc(C(=NO)c2csc(C)n2)n1,reactant,other,False,apply_fixes|fix_building_blocks|fix_step,validate_route|fix_building_blocks|fix_step|apply_fixes,True,1,473.2,,"{""reactions"": [{""reaction_number"": 1, ""reaction_template"": ""[Br,I:1][C$(C([Br,I])([CX4])([CX4])([CX4])),C$([CH]([Br,I])([CX4])([CX4])),C$([CH2]([Br,I])([CX4])),C$([CH3]([Br,I])),C$([C]([Br,I])=(C)([CX4])),C$([CH]([Br,I])=C),C$(C([Br,I])(#C)),c$(c([Br,I])):2].[Br,I:3][C$(C([Br,I])([CX4])([CX4])([CX4])),C$([CH]([Br,I])([CX4])([CX4])),C$([CH2]([Br,I])([CX4])),C$([CH3]([Br,I])),C$([C]([Br,I])=(C)([CX4])),C$([CH]([Br,I])=C),C$(C([Br,I])(#C)),c$(c([Br,I])):4]>>[C,c:2][C,c:4]"", ""reactants"": [""Cc1csc(Br)n1"", ""Cc1csc(C(Br)=NO)n1""], ""product"": ""Cc1csc(C(=NO)c2csc(C)n2)n1""}], ""building_blocks"": [""Cc1csc(Br)n1"", ""Cc1csc(C(Br)=NO)n1""]}"
Cc1n[nH]c(SCCCSc2n[nH]c(C)n2)n1,reactant,reactant,False,apply_fixes|fix_building_blocks|fix_step,validate_route|fix_building_blocks|fix_step|apply_fixes,True,1,567.1,,"{""reactions"": [{""reaction_number"": 1, ""reaction_template"": ""[CH0;$(C-[#6]):1]#[NH0:2].[NH2:3]-[NH1:4]-[CH0;$(C-[#6]);R0:5]=[OD1]>>[N:2]1-[C:1]=[N:3]-[N:4]-[C:5]=1"", ""reactants"": [""Cc1n[nH]c(SCCCSC#N)n1"", ""CC(=O)NN""], ""product"": ""Cc1n[nH]c(SCCCSc2n[nH]c(C)n2)n1""}], ""building_blocks"": [""Cc1n[nH]c(SCCCSC#N)n1"", ""CC(=O)NN""]}"
C=CC1CC1(NC(=O)C1CC(OC(=O)N2CCc3ccccc3C2)CN1C(=O)C(NC(=O)C(NC(C)=O)C1CCCCC1)C(C)C)C(=O)O,reaction,timeout,False,,,,,663.0,exceeded 350s,
S=C(NC1CCCCC1)N1N=C(c2ccccc2)CC1c1ccc(C2CC(c3ccccc3)=NN2C(=S)NC2CCCCC2)cc1,reactant,reaction,False,apply_fixes|fix_building_blocks|fix_step,validate_route|fix_building_blocks|fix_step|fix_step|apply_fixes,True,1,521.3,,"{""reactions"": [{""reaction_number"": 1, ""reaction_template"": ""[C:1]-[N;H0;D2;+0:2]=[C;H0;D2;+0:3]=[S;D1;H0:4].[C:5]-[NH;D2;+0:6]-[#7:7]=[C:8]>>[C:5]-[N;H0;D3;+0:6](-[C;H0;D3;+0:3](=[S;D1;H0:4])-[NH;D2;+0:2]-[C:1])-[#7:7]=[C:8]"", ""reactants"": [""S=C(NC1CCCCC1)N1N=C(c2ccccc2)CC1c1ccc(C2CC(c3ccccc3)=NN2)cc1"", ""S=C=NC1CCCCC1""], ""product"": ""S=C(NC1CCCCC1)N1N=C(c2ccccc2)CC1c1ccc(C2CC(c3ccccc3)=NN2C(=S)NC2CCCCC2)cc1""}, {""reaction_number"": 2, ""reaction_template"": ""[C:1]-[N;H0;D2;+0:2]=[C;H0;D2;+0:3]=[S;D1;H0:4].[C:5]-[NH;D2;+0:6]-[#7:7]=[C:8]>>[C:5]-[N;H0;D3;+0:6](-[C;H0;D3;+0:3](=[S;D1;H0:4])-[NH;D2;+0:2]-[C:1])-[#7:7]=[C:8]"", ""reactants"": [""S=C=NC1CCCCC1"", ""c1ccc(C2=NNC(c3ccc(C4CC(c5ccccc5)=NN4)cc3)C2)cc1""], ""product"": ""S=C(NC1CCCCC1)N1N=C(c2ccccc2)CC1c1ccc(C2CC(c3ccccc3)=NN2)cc1""}], ""building_blocks"": [""S=C=NC1CCCCC1"", ""c1ccc(C2=NNC(c3ccc(C4CC(c5ccccc5)=NN4)cc3)C2)cc1""]}"
Cn1c(SCCCO)nnc1-c1ccccc1F,reactant,valid,True,apply_fixes|fix_building_blocks|fix_step,validate_route|fix_building_blocks|fix_step|apply_fixes,True,1,310.7,,"{""reactions"": [{""reaction_number"": 1, ""reaction_template"": ""[#6;!$(C=[O,S,N]):1][OH,SH:2].[Cl,Br,I][#6;!$(C=[N,O,S]):3]>>[#6:1][O,S:2][#6:3]"", ""reactants"": [""Cn1c(S)nnc1-c1ccccc1F"", ""OCCCBr""], ""product"": ""Cn1c(SCCCO)nnc1-c1ccccc1F""}], ""building_blocks"": [""Cn1c(S)nnc1-c1ccccc1F"", ""OCCCBr""]}"
CC1=C(C)C(O)CC2(C)C1=CC(=O)c1c(O)c3c(c(O)c12)OC(C)C3,product,smiles,False,apply_fixes|fix_building_blocks,validate_route|fix_building_blocks|apply_fixes,True,1,393.4,,"{""reactions"": [{""reaction_number"": 1, ""reaction_template"": ""[OH:2]-[$([CX4]),c:1]>>[Br:3][C,c:1]"", ""reactants"": [""CC1=C(C)C(O)CC2(C)C1=CC(=O)c1c(O)c3c(c(O)c12)OC(C)C3""], ""product"": ""CC1=C(C)C(O)CC2(C)C1=CC(=O)c1c(O)c3c(c(O)c12)OC(C)C3""}], ""building_blocks"": []}"
CC1NC(=O)C(CS)NC(=O)CNC(=O)C(C)NC(=O)C(CCCCN)NC(=O)C(CCCNC(=N)N)NC(=O)C(CCCCN)NC(=O)CNC1=O,smiles,reactant,False,apply_fixes|fix_building_blocks|fix_step,validate_route|fix_building_blocks|fix_step|apply_fixes|fix_step|apply_fixes,True,1,416.8,,"{""reactions"": [{""reaction_number"": 1, ""reaction_template"": ""[C;H1&$(C([#6])[#6]),H2&$(C[#6]):1][OH1].[NH1;$(N(C=O)C=O):2]>>[C:1][N:2]"", ""reactants"": [""CC1NC(=O)C(CCCCNC(=N)N)NC(=O)C(CCCCN)NC(=O)C(CCCCN)NC(=O)CNC(=O)SCCNC(=O)CNC1=O"", ""CC1NC(=O)C(CS)NC(=O)CO1""], ""product"": ""CC1NC(=O)C(CS)NC(=O)CNC(=O)C(C)NC(=O)C(CCCCN)NC(=O)C(CCCNC(=N)N)NC(=O)C(CCCCN)NC(=O)CNC1=O""}], ""building_blocks"": [""CC1NC(=O)C(CCCCNC(=N)N)NC(=O)C(CCCCN)NC(=O)C(CCCCN)NC(=O)CNC(=O)SCCNC(=O)CNC1=O"", ""CC1NC(=O)C(CS)NC(=O)CO1""]}"
CCN(CC)c1ccc(C)c2nc(-c3c(OC)cc(COC)cc3OC)c(C)cc12,reaction,reaction,False,apply_fixes|fix_building_blocks,validate_route|fix_building_blocks|apply_fixes,True,2,486.4,,"{""reactions"": [{""reaction_number"": 1, ""reaction_template"": ""[NH2;$(N-c1ccccc1):1]-[c:2]:[c:3]-[CH1:4]=[OD1].[C;$(C([#6])[#6]):6](=[OD1])-[CH2;$(C([#6])[#6]);!$(C(C=O)C=O):5]>>[N:1]1-[c:2]:[c:3]-[C:4]=[C:5]-[C:6]:1"", ""reactants"": [""CCC(=O)c1c(OC)cc(COC)cc1OC"", ""CCN(CC)c1ccc(C)c(C=O)c1N""], ""product"": ""CCN(CC)c1ccc(C)c2nc(-c3c(OC)cc(COC)cc3OC)c(C)cc12""}], ""building_blocks"": [""CCC(=O)c1c(OC)cc(COC)cc1OC"", ""CCN(CC)c1ccc(C)c(C=O)c1N""]}"
CC(C)(C)OC(=O)NC(Cc1ccccc1)C(O)CNCC(O)C(Cc1ccccc1)NC(=O)OC(C)(C)CNC=O,reactant,timeout,False,,,,,612.9,exceeded 350s,
CN(C)C(=NC#N)C1=CC(C)(C)Oc2ccc(S(=O)(=O)c3ccccc3)cc21,reactant,timeout,False,,,,,350.0,exceeded 350s,
O=C1CCCCCCCCCCCCCCCO1,reactant,valid,True,apply_fixes|fix_building_blocks|fix_step,validate_route|fix_building_blocks|fix_step|apply_fixes,True,1,327.0,,"{""reactions"": [{""reaction_number"": 1, ""reaction_template"": ""[#8:1]-[C;H0;D3;+0:2](=[O;D1;H0:3])-[CH2;D2;+0:4]-[C:5]>>[#8:1]-[C;H0;D3;+0:2](=[O;D1;H0:3])-[C;H2;D2;+0]-[CH2;D2;+0:4]-[C:5]"", ""reactants"": [""O=C1CCCCCCCCCCCCCCCO1""], ""product"": ""O=C1CCCCCCCCCCCCCCCCO1""}], ""building_blocks"": [""O=C1CCCCCCCCCCCCCCCO1""]}"
O=C1C=CC(=CBr)O1,reactant,valid,True,apply_fixes|fix_building_blocks|fix_step,validate_route|fix_building_blocks|fix_step|apply_fixes,True,1,295.3,,"{""reactions"": [{""reaction_number"": 1, ""reaction_template"": ""O-[CH;D2;+0:1]=[C:2](-[#8:3])-[C:4]=[C:5]>>[#8:3]-[C:2](=[CH;D2;+0:1]-[Br;H0;D1;+0])-[C:4]=[C:5]"", ""reactants"": [""O=C1C=CC(=CO)O1""], ""product"": ""O=C1C=CC(=CBr)O1""}], ""building_blocks"": [""O=C1C=CC(=CO)O1""]}"
O=C(O)CN1C(=O)C(=CC2CCCCC2)SC1=S,reactant,reaction,False,apply_fixes|fix_building_blocks|fix_step,validate_route|fix_building_blocks|fix_step|apply_fixes,True,1,334.0,,"{""reactions"": [{""reaction_number"": 1, ""reaction_template"": ""Br-[CH2;D2;+0:1]-[C:2].O=[C;H0;D3;+0:3](-[#16:4])-[C:5](=[O;D1;H0:6])-[#7:7]>>[#16:4]-[C;H0;D3;+0:3](=[CH;D2;+0:1]-[C:2])-[C:5](=[O;D1;H0:6])-[#7:7]"", ""reactants"": [""O=C(O)CN1C(=O)C(=O)SC1=S"", ""BrCC1CCCCC1""], ""product"": ""O=C(O)CN1C(=O)C(=CC2CCCCC2)SC1=S""}], ""building_blocks"": [""O=C(O)CN1C(=O)C(=O)SC1=S"", ""BrCC1CCCCC1""]}"
CCOC(C)c1nccn1Cc1ccc(C(N)=O)cc1,reactant,valid,True,apply_fixes|fix_building_blocks|fix_step,validate_route|fix_building_blocks|fix_step|apply_fixes,True,1,310.7,,"{""reactions"": [{""reaction_number"": 1, ""reaction_template"": ""Br-[c;H0;D3;+0:1](:[#7;a:2]):[#7;a:3].C-C1(-C)-O-B(-[CH;D3;+0:4](-[#8:5])-[C;D1;H3:6])-O-C-1(-C)-C>>[#7;a:2]:[c;H0;D3;+0:1](-[CH;D3;+0:4](-[#8:5])-[C;D1;H3:6]):[#7;a:3]"", ""reactants"": [""NC(=O)c1ccc(Cn2ccnc2Br)cc1"", ""CCOC(C)B1OC(C)(C)C(C)(C)O1""], ""product"": ""CCOC(C)c1nccn1Cc1ccc(C(N)=O)cc1""}], ""building_blocks"": [""NC(=O)c1ccc(Cn2ccnc2Br)cc1"", ""CCOC(C)B1OC(C)(C)C(C)(C)O1""]}"
CC1CCC2C(C)(CO)C(O)CCC2(C)C12CCC(CO)(CCO)O2,product,product,False,apply_fixes|fix_building_blocks,validate_route|fix_building_blocks|apply_fixes,True,3,649.1,,"{""reactions"": [{""reaction_number"": 1, ""reaction_template"": ""[OH:2]-[$([CX4]),c:1]>>[Br:3][C,c:1]"", ""reactants"": [""CC1CCC2C(C)(CO)C(O)CCC2(C)C12CCC(CO)(CCO)O2""], ""product"": ""CC1CCC2C(C)(CO)C(O)CCC2(C)C12CCC(CO)(CCO)O2""}], ""building_blocks"": []}"
C=CC(=C)CCC1(C)C(C)C(OC(C)=O)C(O)C23C(=CC(OC(=O)CCC)CC12)C(OC(C)=O)OC3OC(C)=O,reactant,timeout,False,,,,,590.9,exceeded 350s,
C#CC(O)C=CCCCCCCCCCC=CCCCCCCCCCC=CC(O)C#C,reaction,reaction,False,apply_fixes|fix_building_blocks|fix_step,validate_route|fix_building_blocks|fix_step|apply_fixes,True,1,434.7,,"{""reactions"": [{""reaction_number"": 1, ""reaction_template"": ""[C$([CH](=C)([CX4])),C$([CH2](=C)):2]=[C$(C(=C)([CX4])([CX4])),C$([CH](=C)([CX4])),C$([CH2](=C)):3].[Br,I:7][C$([CX4]([Br,I])),c$([c]([Br,I])):4]>>[C,c:4][C:2]=[C:3]"", ""reactants"": [""C#CC(O)C=CC(O)C#C"", ""C=CCCCCCCCCCC=CCCCCCCCCCC=C""], ""product"": ""C#CC(O)C=CCCCCCCCCCC=CCCCCCCCCCC=CC(O)C#C""}], ""building_blocks"": [""C#CC(O)C=CC(O)C#C"", ""C=CCCCCCCCCCC=CCCCCCCCCCC=C""]}"
NC(N)=NCCCCC(=O)Nc1ccc(OCCCN=C(N)N)cc1C(=O)Nc1ccc(Oc2ccccc2)cc1,reactant,timeout,False,,,,,603.4,exceeded 350s,
Cc1cccc2n1cc(C=NNC(=N)NO)[n+]2C,reactant,reaction,False,apply_fixes|fix_building_blocks|fix_step,validate_route|fix_building_blocks|fix_step|apply_fixes,True,1,546.4,,"{""reactions"": [{""reaction_number"": 1, ""reaction_template"": ""C-N-[c;H0;D3;+0:1]1:[cH;D2;+0:2]:[c:3]:[c:4]:[c;H0;D3;+0:5](-C):[c;H0;D3;+0:6]:1-N.C-[c;H0;D3;+0:7]1:[nH;D2;+0:8]:n:c:[c;H0;D3;+0:9]:1-[C:10]=[#7:11]>>[#7:11]=[C:10]-[c;H0;D3;+0:9]1:[cH;D2;+0:7]:[n;H0;D3;+0:8]2:[c;H0;D3;+0:2](-[CH3;D1;+0:1]):[c:3]:[c:4]:[cH;D2;+0:5]:[c;H0;D3;+0:6]:2:[n+;H0;D3]:1-[C;H3;D1;+0]"", ""reactants"": [""N=C(NO)NN=Cc1cn[nH]c1C"", ""CNc1cccc(C)c1N""], ""product"": ""Cc1cccc2n1cc(C=NNC(=N)NO)[n+]2C""}], ""building_blocks"": [""N=C(NO)NN=Cc1cn[nH]c1C"", ""CNc1cccc(C)c1N""]}"
CCOC(=O)c1ccccc1NC(=O)Cn1ncc2c([nH]c3ccccc32)c1=O,smiles,smiles,False,apply_fixes|fix_building_blocks|fix_step,validate_route|fix_building_blocks|fix_step|apply_fixes,True,1,542.6,,"{""reactions"": [{""reaction_number"": 1, ""reaction_template"": ""[c;r6:1](-[C;$(C=O):6]-[OH1]):[c;r6:2]-[C;H1,$(C-C):3]=[OD1].[NH2:4]-[NH1;$(N-[#6]);!$(NC=[O,S,N]):5]>>[c:1]1:[c:2]-[C:3]=[N:4]-[N:5]-[C:6]-1"", ""reactants"": [""CCOC(=O)c1ccccc1NC(=O)CNN"", ""O=Cc1c(C(=O)O)ccccc1[nH]c1ccccc12""], ""product"": ""CCOC(=O)c1ccccc1NC(=O)Cn1ncc2c([nH]c3ccccc32)c1=O""}], ""building_blocks"": [""CCOC(=O)c1ccccc1NC(=O)CNN"", ""O=Cc1c(C(=O)O)ccccc1[nH]c1ccccc12""]}"
CC(=NNC(=O)c1sc(N)c(C#N)c1N)c1ccc(S(=O)(=O)N2CCCCC2)cc1,reactant,exception,False,,,,,213.2,UnexpectedModelBehavior: Tool 'validate_route' exceeded max retries count of 1,
CCCN(CCCCCCN1C(=O)c2ccccc2C1=O)CC1CCCCN1CCNC(=O)N1c2ccccc2C(=O)Nc2cccnc21,reaction,reaction,False,apply_fixes|fix_building_blocks|fix_step,validate_route|fix_building_blocks|fix_step|apply_fixes,True,1,556.3,,"{""reactions"": [{""reaction_number"": 1, ""reaction_template"": ""[C$(C(=O)([CX4,c])([CX4,c])),C$([CH](=O)([CX4,c])):1]=[O:2].[N$([NH2,NH3+1]([CX4,c])),N$([NH]([CX4,c])([CX4,c])):3]>>[N+0:3][C:1]"", ""reactants"": [""CCCNCCCCCCN1C(=O)c2ccccc2C1=O"", ""O=CC1CCCCN1CCNC(=O)N1c2ccccc2C(=O)Nc2cccnc21""], ""product"": ""CCCN(CCCCCCN1C(=O)c2ccccc2C1=O)CC1CCCCN1CCNC(=O)N1c2ccccc2C(=O)Nc2cccnc21""}, {""reaction_number"": 2, ""reaction_template"": ""[N;$(N[#6]):1]=[C;$(C=O):2].[N;$(N[#6]);!$(N=*);!$([N-]);!$(N#*);!$([ND3]);!$([ND4]);!$(N[O,N]);!$(N[C,S]=[S,O,N]):3]>>[N:1][C:2][N+0:3]"", ""reactants"": [""O=C=NCCN1CCCCC1C=O"", ""O=C1Nc2cccnc2Nc2ccccc21""], ""product"": ""O=CC1CCCCN1CCNC(=O)N1c2ccccc2C(=O)Nc2cccnc21""}], ""building_blocks"": [""CCCNCCCCCCN1C(=O)c2ccccc2C1=O"", ""O=C=NCCN1CCCCC1C=O"", ""O=C1Nc2cccnc2Nc2ccccc21""]}"
N#CC1(NC(=O)C2Cc3ccc(c(Cl)c3)OCC#CCOc3c(F)cc(F)cc3C(=O)N2)CC1,smiles,timeout,False,,,,,350.0,exceeded 350s,
Cc1ccc(C(=O)Nc2ccc(F)c(C3(C)CS(=O)(=O)C4(CCOC4)C(=N)N3)c2)nc1,reactant,timeout,False,,,,,350.1,exceeded 350s,
C[n+]1cccc2c1CC(P(=O)(O)O)(P(=O)(O)O)C2,reactant,reactant,False,apply_fixes|fix_building_blocks|fix_step,validate_route|fix_building_blocks|fix_step|apply_fixes,True,1,386.6,,"{""reactions"": [{""reaction_number"": 1, ""reaction_template"": ""[OH:2]-[$([CX4]),c:1]>>[Br:3][C,c:1]"", ""reactants"": [""C[n+]1cccc2c1CC(P(=O)(O)O)(P(=O)(O)O)C2""], ""product"": ""C[n+]1cccc2c1CC(P(=O)(O)O)(P(=O)(O)O)C2""}], ""building_blocks"": []}"
